test_document_answer_requires_client (test_document_contracts.DocumentAPI.test_document_answer_requires_client) ... ERROR
test_document_job_create_route (test_document_contracts.DocumentAPI.test_document_job_create_route) ... FAIL
test_document_result_not_writable_by_worker (test_document_contracts.DocumentAPI.test_document_result_not_writable_by_worker) ... ERROR
test_version_download_is_separate_from_metadata (test_document_contracts.DocumentAPI.test_version_download_is_separate_from_metadata) ... FAIL
test_analyze_requires_inputs (test_document_contracts.DocumentContracts.test_analyze_requires_inputs) ... ERROR
test_citation_requires_content_version (test_document_contracts.DocumentContracts.test_citation_requires_content_version) ... ERROR
test_coverage_finding_cannot_be_silently_complete (test_document_contracts.DocumentContracts.test_coverage_finding_cannot_be_silently_complete) ... ERROR
test_create_allows_no_input_file (test_document_contracts.DocumentContracts.test_create_allows_no_input_file) ... ERROR
test_document_answer_requires_exact_question (test_document_contracts.DocumentContracts.test_document_answer_requires_exact_question) ... ERROR
test_document_entities_have_examples (test_document_contracts.DocumentContracts.test_document_entities_have_examples) ... 
  test_document_entities_have_examples (test_document_contracts.DocumentContracts.test_document_entities_have_examples) (name='document-version') ... ERROR
  test_document_entities_have_examples (test_document_contracts.DocumentContracts.test_document_entities_have_examples) (name='document-job') ... ERROR
  test_document_entities_have_examples (test_document_contracts.DocumentContracts.test_document_entities_have_examples) (name='document-scope') ... ERROR
  test_document_entities_have_examples (test_document_contracts.DocumentContracts.test_document_entities_have_examples) (name='document-finding') ... ERROR
  test_document_entities_have_examples (test_document_contracts.DocumentContracts.test_document_entities_have_examples) (name='document-result') ... ERROR
  test_document_entities_have_examples (test_document_contracts.DocumentContracts.test_document_entities_have_examples) (name='document-question') ... ERROR
  test_document_entities_have_examples (test_document_contracts.DocumentContracts.test_document_entities_have_examples) (name='document-answer') ... ERROR
  test_document_entities_have_examples (test_document_contracts.DocumentContracts.test_document_entities_have_examples) (name='service-case') ... ERROR
test_document_question_is_not_software_run_bound (test_document_contracts.DocumentContracts.test_document_question_is_not_software_run_bound) ... ERROR
test_duplicate_document_inputs_rejected (test_document_contracts.DocumentContracts.test_duplicate_document_inputs_rejected) ... ERROR
test_excel_citation_is_sheet_and_cell_specific (test_document_contracts.DocumentContracts.test_excel_citation_is_sheet_and_cell_specific) ... ERROR
test_image_limit_is_not_relaxed (test_document_contracts.DocumentContracts.test_image_limit_is_not_relaxed) ... ok
test_ingested_version_requires_scan_pass (test_document_contracts.DocumentContracts.test_ingested_version_requires_scan_pass) ... ERROR
test_job_has_no_self_approval_field (test_document_contracts.DocumentContracts.test_job_has_no_self_approval_field) ... ERROR
test_job_revision_is_positive (test_document_contracts.DocumentContracts.test_job_revision_is_positive) ... ERROR
test_macro_upload_is_not_whitelisted (test_document_contracts.DocumentContracts.test_macro_upload_is_not_whitelisted) ... ok
test_observation_requires_source (test_document_contracts.DocumentContracts.test_observation_requires_source) ... ERROR
test_office_file_limit (test_document_contracts.DocumentContracts.test_office_file_limit) ... ok
test_output_artifacts_required (test_document_contracts.DocumentContracts.test_output_artifacts_required) ... ERROR
test_pdf_citation_page_is_positive (test_document_contracts.DocumentContracts.test_pdf_citation_page_is_positive) ... ERROR
test_processing_job_does_not_require_software_run (test_document_contracts.DocumentContracts.test_processing_job_does_not_require_software_run) ... ERROR
test_ready_document_requires_protected_result_reference (test_document_contracts.DocumentContracts.test_ready_document_requires_protected_result_reference) ... ERROR
test_recalculation_unknown_not_recast_as_verified (test_document_contracts.DocumentContracts.test_recalculation_unknown_not_recast_as_verified) ... ERROR
test_scope_cannot_be_empty_for_source_analysis (test_document_contracts.DocumentContracts.test_scope_cannot_be_empty_for_source_analysis) ... ERROR
test_scope_carries_an_explicit_visibility_boundary (test_document_contracts.DocumentContracts.test_scope_carries_an_explicit_visibility_boundary) ... ERROR
test_scope_digest_required (test_document_contracts.DocumentContracts.test_scope_digest_required) ... ERROR
test_service_case_not_a_fake_sla (test_document_contracts.DocumentContracts.test_service_case_not_a_fake_sla) ... ERROR
test_source_version_cannot_be_empty (test_document_contracts.DocumentContracts.test_source_version_cannot_be_empty) ... ERROR
test_suggestion_may_be_explicitly_unsourced (test_document_contracts.DocumentContracts.test_suggestion_may_be_explicitly_unsourced) ... ERROR
test_supported_upload_formats (test_document_contracts.DocumentContracts.test_supported_upload_formats) ... 
  test_supported_upload_formats (test_document_contracts.DocumentContracts.test_supported_upload_formats) (media='application/pdf') ... FAIL
  test_supported_upload_formats (test_document_contracts.DocumentContracts.test_supported_upload_formats) (media='application/vnd.openxmlformats-officedocument.wordprocessingml.document') ... FAIL
  test_supported_upload_formats (test_document_contracts.DocumentContracts.test_supported_upload_formats) (media='application/vnd.openxmlformats-officedocument.spreadsheetml.sheet') ... FAIL
  test_supported_upload_formats (test_document_contracts.DocumentContracts.test_supported_upload_formats) (media='application/vnd.openxmlformats-officedocument.presentationml.presentation') ... FAIL
  test_supported_upload_formats (test_document_contracts.DocumentContracts.test_supported_upload_formats) (media='text/csv') ... FAIL
  test_supported_upload_formats (test_document_contracts.DocumentContracts.test_supported_upload_formats) (media='text/tab-separated-values') ... FAIL
test_answer_cannot_reference_wrong_job (test_document_contracts.DocumentStorage.test_answer_cannot_reference_wrong_job) ... ERROR
test_cross_project_source_binding_denied (test_document_contracts.DocumentStorage.test_cross_project_source_binding_denied) ... ERROR
test_document_job_can_be_persisted_without_git_run (test_document_contracts.DocumentStorage.test_document_job_can_be_persisted_without_git_run) ... ERROR
test_document_source_version_is_immutable (test_document_contracts.DocumentStorage.test_document_source_version_is_immutable) ... ERROR
test_duplicate_source_binding_rejected (test_document_contracts.DocumentStorage.test_duplicate_source_binding_rejected) ... ERROR
test_question_only_one_open_per_job (test_document_contracts.DocumentStorage.test_question_only_one_open_per_job) ... ERROR
test_ready_requires_result (test_document_contracts.DocumentStorage.test_ready_requires_result) ... ERROR

======================================================================
ERROR: test_document_answer_requires_client (test_document_contracts.DocumentAPI.test_document_answer_requires_client)
----------------------------------------------------------------------
Traceback (most recent call last):
  File "/mnt/data/client-mode-engineering-handoff-v1.3/tests/test_document_contracts.py", line 79, in test_document_answer_requires_client
    op=self.api['paths']['/v1/document-questions/{question_id}/answer']['post'];self.assertEqual(op['security'],[{'clientSession':[]}])
       ~~~~~~~~~~~~~~~~~^^^^^^^^^^^^^^^^^^^^^^^^^^^^^^^^^^^^^^^^^^^^^^^
KeyError: '/v1/document-questions/{question_id}/answer'

======================================================================
ERROR: test_document_result_not_writable_by_worker (test_document_contracts.DocumentAPI.test_document_result_not_writable_by_worker)
----------------------------------------------------------------------
Traceback (most recent call last):
  File "/mnt/data/client-mode-engineering-handoff-v1.3/tests/test_document_contracts.py", line 81, in test_document_result_not_writable_by_worker
    self.assertNotIn('post',self.api['paths']['/v1/document-results/{result_id}'])
                            ~~~~~~~~~~~~~~~~~^^^^^^^^^^^^^^^^^^^^^^^^^^^^^^^^^^^^
KeyError: '/v1/document-results/{result_id}'

======================================================================
ERROR: test_analyze_requires_inputs (test_document_contracts.DocumentContracts.test_analyze_requires_inputs)
----------------------------------------------------------------------
Traceback (most recent call last):
  File "/mnt/data/client-mode-engineering-handoff-v1.3/tests/test_document_contracts.py", line 32, in test_analyze_requires_inputs
    x=ex('document-job');x.update(operation='analyze',input_version_ids=[]);self.assertFalse(V.is_valid(x))
  File "/mnt/data/client-mode-engineering-handoff-v1.3/tests/test_document_contracts.py", line 12, in ex
    def ex(name): return json.loads((ROOT/'contracts/examples'/f'{name}.json').read_text())
                                    ~~~~~~~~~~~~~~~~~~~~~~~~~~~~~~~~~~~~~~~~~~~~~~~~~~~~^^
  File "/usr/lib/python3.13/pathlib/_local.py", line 548, in read_text
    return PathBase.read_text(self, encoding, errors, newline)
           ~~~~~~~~~~~~~~~~~~^^^^^^^^^^^^^^^^^^^^^^^^^^^^^^^^^
  File "/usr/lib/python3.13/pathlib/_abc.py", line 632, in read_text
    with self.open(mode='r', encoding=encoding, errors=errors, newline=newline) as f:
         ~~~~~~~~~^^^^^^^^^^^^^^^^^^^^^^^^^^^^^^^^^^^^^^^^^^^^^^^^^^^^^^^^^^^^^
  File "/usr/lib/python3.13/pathlib/_local.py", line 539, in open
    return io.open(self, mode, buffering, encoding, errors, newline)
           ~~~~~~~^^^^^^^^^^^^^^^^^^^^^^^^^^^^^^^^^^^^^^^^^^^^^^^^^^
FileNotFoundError: [Errno 2] No such file or directory: '/mnt/data/client-mode-engineering-handoff-v1.3/contracts/examples/document-job.json'

======================================================================
ERROR: test_citation_requires_content_version (test_document_contracts.DocumentContracts.test_citation_requires_content_version)
----------------------------------------------------------------------
Traceback (most recent call last):
  File "/mnt/data/client-mode-engineering-handoff-v1.3/tests/test_document_contracts.py", line 56, in test_citation_requires_content_version
    x=ex('document-finding');del x['citations'][0]['version_id'];self.assertFalse(V.is_valid(x))
  File "/mnt/data/client-mode-engineering-handoff-v1.3/tests/test_document_contracts.py", line 12, in ex
    def ex(name): return json.loads((ROOT/'contracts/examples'/f'{name}.json').read_text())
                                    ~~~~~~~~~~~~~~~~~~~~~~~~~~~~~~~~~~~~~~~~~~~~~~~~~~~~^^
  File "/usr/lib/python3.13/pathlib/_local.py", line 548, in read_text
    return PathBase.read_text(self, encoding, errors, newline)
           ~~~~~~~~~~~~~~~~~~^^^^^^^^^^^^^^^^^^^^^^^^^^^^^^^^^
  File "/usr/lib/python3.13/pathlib/_abc.py", line 632, in read_text
    with self.open(mode='r', encoding=encoding, errors=errors, newline=newline) as f:
         ~~~~~~~~~^^^^^^^^^^^^^^^^^^^^^^^^^^^^^^^^^^^^^^^^^^^^^^^^^^^^^^^^^^^^^
  File "/usr/lib/python3.13/pathlib/_local.py", line 539, in open
    return io.open(self, mode, buffering, encoding, errors, newline)
           ~~~~~~~^^^^^^^^^^^^^^^^^^^^^^^^^^^^^^^^^^^^^^^^^^^^^^^^^^
FileNotFoundError: [Errno 2] No such file or directory: '/mnt/data/client-mode-engineering-handoff-v1.3/contracts/examples/document-finding.json'

======================================================================
ERROR: test_coverage_finding_cannot_be_silently_complete (test_document_contracts.DocumentContracts.test_coverage_finding_cannot_be_silently_complete)
----------------------------------------------------------------------
Traceback (most recent call last):
  File "/mnt/data/client-mode-engineering-handoff-v1.3/tests/test_document_contracts.py", line 61, in test_coverage_finding_cannot_be_silently_complete
    x=ex('document-result');x.update(coverage='PARTIAL',limitations=[]);self.assertFalse(V.is_valid(x))
  File "/mnt/data/client-mode-engineering-handoff-v1.3/tests/test_document_contracts.py", line 12, in ex
    def ex(name): return json.loads((ROOT/'contracts/examples'/f'{name}.json').read_text())
                                    ~~~~~~~~~~~~~~~~~~~~~~~~~~~~~~~~~~~~~~~~~~~~~~~~~~~~^^
  File "/usr/lib/python3.13/pathlib/_local.py", line 548, in read_text
    return PathBase.read_text(self, encoding, errors, newline)
           ~~~~~~~~~~~~~~~~~~^^^^^^^^^^^^^^^^^^^^^^^^^^^^^^^^^
  File "/usr/lib/python3.13/pathlib/_abc.py", line 632, in read_text
    with self.open(mode='r', encoding=encoding, errors=errors, newline=newline) as f:
         ~~~~~~~~~^^^^^^^^^^^^^^^^^^^^^^^^^^^^^^^^^^^^^^^^^^^^^^^^^^^^^^^^^^^^^
  File "/usr/lib/python3.13/pathlib/_local.py", line 539, in open
    return io.open(self, mode, buffering, encoding, errors, newline)
           ~~~~~~~^^^^^^^^^^^^^^^^^^^^^^^^^^^^^^^^^^^^^^^^^^^^^^^^^^
FileNotFoundError: [Errno 2] No such file or directory: '/mnt/data/client-mode-engineering-handoff-v1.3/contracts/examples/document-result.json'

======================================================================
ERROR: test_create_allows_no_input_file (test_document_contracts.DocumentContracts.test_create_allows_no_input_file)
----------------------------------------------------------------------
Traceback (most recent call last):
  File "/mnt/data/client-mode-engineering-handoff-v1.3/tests/test_document_contracts.py", line 34, in test_create_allows_no_input_file
    x=ex('document-job');x.update(operation='create',input_version_ids=[]);self.assertTrue(V.is_valid(x))
  File "/mnt/data/client-mode-engineering-handoff-v1.3/tests/test_document_contracts.py", line 12, in ex
    def ex(name): return json.loads((ROOT/'contracts/examples'/f'{name}.json').read_text())
                                    ~~~~~~~~~~~~~~~~~~~~~~~~~~~~~~~~~~~~~~~~~~~~~~~~~~~~^^
  File "/usr/lib/python3.13/pathlib/_local.py", line 548, in read_text
    return PathBase.read_text(self, encoding, errors, newline)
           ~~~~~~~~~~~~~~~~~~^^^^^^^^^^^^^^^^^^^^^^^^^^^^^^^^^
  File "/usr/lib/python3.13/pathlib/_abc.py", line 632, in read_text
    with self.open(mode='r', encoding=encoding, errors=errors, newline=newline) as f:
         ~~~~~~~~~^^^^^^^^^^^^^^^^^^^^^^^^^^^^^^^^^^^^^^^^^^^^^^^^^^^^^^^^^^^^^
  File "/usr/lib/python3.13/pathlib/_local.py", line 539, in open
    return io.open(self, mode, buffering, encoding, errors, newline)
           ~~~~~~~^^^^^^^^^^^^^^^^^^^^^^^^^^^^^^^^^^^^^^^^^^^^^^^^^^
FileNotFoundError: [Errno 2] No such file or directory: '/mnt/data/client-mode-engineering-handoff-v1.3/contracts/examples/document-job.json'

======================================================================
ERROR: test_document_answer_requires_exact_question (test_document_contracts.DocumentContracts.test_document_answer_requires_exact_question)
----------------------------------------------------------------------
Traceback (most recent call last):
  File "/mnt/data/client-mode-engineering-handoff-v1.3/tests/test_document_contracts.py", line 69, in test_document_answer_requires_exact_question
    x=ex('document-answer');del x['question_id'];self.assertFalse(V.is_valid(x))
  File "/mnt/data/client-mode-engineering-handoff-v1.3/tests/test_document_contracts.py", line 12, in ex
    def ex(name): return json.loads((ROOT/'contracts/examples'/f'{name}.json').read_text())
                                    ~~~~~~~~~~~~~~~~~~~~~~~~~~~~~~~~~~~~~~~~~~~~~~~~~~~~^^
  File "/usr/lib/python3.13/pathlib/_local.py", line 548, in read_text
    return PathBase.read_text(self, encoding, errors, newline)
           ~~~~~~~~~~~~~~~~~~^^^^^^^^^^^^^^^^^^^^^^^^^^^^^^^^^
  File "/usr/lib/python3.13/pathlib/_abc.py", line 632, in read_text
    with self.open(mode='r', encoding=encoding, errors=errors, newline=newline) as f:
         ~~~~~~~~~^^^^^^^^^^^^^^^^^^^^^^^^^^^^^^^^^^^^^^^^^^^^^^^^^^^^^^^^^^^^^
  File "/usr/lib/python3.13/pathlib/_local.py", line 539, in open
    return io.open(self, mode, buffering, encoding, errors, newline)
           ~~~~~~~^^^^^^^^^^^^^^^^^^^^^^^^^^^^^^^^^^^^^^^^^^^^^^^^^^
FileNotFoundError: [Errno 2] No such file or directory: '/mnt/data/client-mode-engineering-handoff-v1.3/contracts/examples/document-answer.json'

======================================================================
ERROR: test_document_entities_have_examples (test_document_contracts.DocumentContracts.test_document_entities_have_examples) (name='document-version')
----------------------------------------------------------------------
Traceback (most recent call last):
  File "/mnt/data/client-mode-engineering-handoff-v1.3/tests/test_document_contracts.py", line 26, in test_document_entities_have_examples
    with self.subTest(name=name):self.assertTrue(V.is_valid(ex(name)))
                                                            ~~^^^^^^
  File "/mnt/data/client-mode-engineering-handoff-v1.3/tests/test_document_contracts.py", line 12, in ex
    def ex(name): return json.loads((ROOT/'contracts/examples'/f'{name}.json').read_text())
                                    ~~~~~~~~~~~~~~~~~~~~~~~~~~~~~~~~~~~~~~~~~~~~~~~~~~~~^^
  File "/usr/lib/python3.13/pathlib/_local.py", line 548, in read_text
    return PathBase.read_text(self, encoding, errors, newline)
           ~~~~~~~~~~~~~~~~~~^^^^^^^^^^^^^^^^^^^^^^^^^^^^^^^^^
  File "/usr/lib/python3.13/pathlib/_abc.py", line 632, in read_text
    with self.open(mode='r', encoding=encoding, errors=errors, newline=newline) as f:
         ~~~~~~~~~^^^^^^^^^^^^^^^^^^^^^^^^^^^^^^^^^^^^^^^^^^^^^^^^^^^^^^^^^^^^^
  File "/usr/lib/python3.13/pathlib/_local.py", line 539, in open
    return io.open(self, mode, buffering, encoding, errors, newline)
           ~~~~~~~^^^^^^^^^^^^^^^^^^^^^^^^^^^^^^^^^^^^^^^^^^^^^^^^^^
FileNotFoundError: [Errno 2] No such file or directory: '/mnt/data/client-mode-engineering-handoff-v1.3/contracts/examples/document-version.json'

======================================================================
ERROR: test_document_entities_have_examples (test_document_contracts.DocumentContracts.test_document_entities_have_examples) (name='document-job')
----------------------------------------------------------------------
Traceback (most recent call last):
  File "/mnt/data/client-mode-engineering-handoff-v1.3/tests/test_document_contracts.py", line 26, in test_document_entities_have_examples
    with self.subTest(name=name):self.assertTrue(V.is_valid(ex(name)))
                                                            ~~^^^^^^
  File "/mnt/data/client-mode-engineering-handoff-v1.3/tests/test_document_contracts.py", line 12, in ex
    def ex(name): return json.loads((ROOT/'contracts/examples'/f'{name}.json').read_text())
                                    ~~~~~~~~~~~~~~~~~~~~~~~~~~~~~~~~~~~~~~~~~~~~~~~~~~~~^^
  File "/usr/lib/python3.13/pathlib/_local.py", line 548, in read_text
    return PathBase.read_text(self, encoding, errors, newline)
           ~~~~~~~~~~~~~~~~~~^^^^^^^^^^^^^^^^^^^^^^^^^^^^^^^^^
  File "/usr/lib/python3.13/pathlib/_abc.py", line 632, in read_text
    with self.open(mode='r', encoding=encoding, errors=errors, newline=newline) as f:
         ~~~~~~~~~^^^^^^^^^^^^^^^^^^^^^^^^^^^^^^^^^^^^^^^^^^^^^^^^^^^^^^^^^^^^^
  File "/usr/lib/python3.13/pathlib/_local.py", line 539, in open
    return io.open(self, mode, buffering, encoding, errors, newline)
           ~~~~~~~^^^^^^^^^^^^^^^^^^^^^^^^^^^^^^^^^^^^^^^^^^^^^^^^^^
FileNotFoundError: [Errno 2] No such file or directory: '/mnt/data/client-mode-engineering-handoff-v1.3/contracts/examples/document-job.json'

======================================================================
ERROR: test_document_entities_have_examples (test_document_contracts.DocumentContracts.test_document_entities_have_examples) (name='document-scope')
----------------------------------------------------------------------
Traceback (most recent call last):
  File "/mnt/data/client-mode-engineering-handoff-v1.3/tests/test_document_contracts.py", line 26, in test_document_entities_have_examples
    with self.subTest(name=name):self.assertTrue(V.is_valid(ex(name)))
                                                            ~~^^^^^^
  File "/mnt/data/client-mode-engineering-handoff-v1.3/tests/test_document_contracts.py", line 12, in ex
    def ex(name): return json.loads((ROOT/'contracts/examples'/f'{name}.json').read_text())
                                    ~~~~~~~~~~~~~~~~~~~~~~~~~~~~~~~~~~~~~~~~~~~~~~~~~~~~^^
  File "/usr/lib/python3.13/pathlib/_local.py", line 548, in read_text
    return PathBase.read_text(self, encoding, errors, newline)
           ~~~~~~~~~~~~~~~~~~^^^^^^^^^^^^^^^^^^^^^^^^^^^^^^^^^
  File "/usr/lib/python3.13/pathlib/_abc.py", line 632, in read_text
    with self.open(mode='r', encoding=encoding, errors=errors, newline=newline) as f:
         ~~~~~~~~~^^^^^^^^^^^^^^^^^^^^^^^^^^^^^^^^^^^^^^^^^^^^^^^^^^^^^^^^^^^^^
  File "/usr/lib/python3.13/pathlib/_local.py", line 539, in open
    return io.open(self, mode, buffering, encoding, errors, newline)
           ~~~~~~~^^^^^^^^^^^^^^^^^^^^^^^^^^^^^^^^^^^^^^^^^^^^^^^^^^
FileNotFoundError: [Errno 2] No such file or directory: '/mnt/data/client-mode-engineering-handoff-v1.3/contracts/examples/document-scope.json'

======================================================================
ERROR: test_document_entities_have_examples (test_document_contracts.DocumentContracts.test_document_entities_have_examples) (name='document-finding')
----------------------------------------------------------------------
Traceback (most recent call last):
  File "/mnt/data/client-mode-engineering-handoff-v1.3/tests/test_document_contracts.py", line 26, in test_document_entities_have_examples
    with self.subTest(name=name):self.assertTrue(V.is_valid(ex(name)))
                                                            ~~^^^^^^
  File "/mnt/data/client-mode-engineering-handoff-v1.3/tests/test_document_contracts.py", line 12, in ex
    def ex(name): return json.loads((ROOT/'contracts/examples'/f'{name}.json').read_text())
                                    ~~~~~~~~~~~~~~~~~~~~~~~~~~~~~~~~~~~~~~~~~~~~~~~~~~~~^^
  File "/usr/lib/python3.13/pathlib/_local.py", line 548, in read_text
    return PathBase.read_text(self, encoding, errors, newline)
           ~~~~~~~~~~~~~~~~~~^^^^^^^^^^^^^^^^^^^^^^^^^^^^^^^^^
  File "/usr/lib/python3.13/pathlib/_abc.py", line 632, in read_text
    with self.open(mode='r', encoding=encoding, errors=errors, newline=newline) as f:
         ~~~~~~~~~^^^^^^^^^^^^^^^^^^^^^^^^^^^^^^^^^^^^^^^^^^^^^^^^^^^^^^^^^^^^^
  File "/usr/lib/python3.13/pathlib/_local.py", line 539, in open
    return io.open(self, mode, buffering, encoding, errors, newline)
           ~~~~~~~^^^^^^^^^^^^^^^^^^^^^^^^^^^^^^^^^^^^^^^^^^^^^^^^^^
FileNotFoundError: [Errno 2] No such file or directory: '/mnt/data/client-mode-engineering-handoff-v1.3/contracts/examples/document-finding.json'

======================================================================
ERROR: test_document_entities_have_examples (test_document_contracts.DocumentContracts.test_document_entities_have_examples) (name='document-result')
----------------------------------------------------------------------
Traceback (most recent call last):
  File "/mnt/data/client-mode-engineering-handoff-v1.3/tests/test_document_contracts.py", line 26, in test_document_entities_have_examples
    with self.subTest(name=name):self.assertTrue(V.is_valid(ex(name)))
                                                            ~~^^^^^^
  File "/mnt/data/client-mode-engineering-handoff-v1.3/tests/test_document_contracts.py", line 12, in ex
    def ex(name): return json.loads((ROOT/'contracts/examples'/f'{name}.json').read_text())
                                    ~~~~~~~~~~~~~~~~~~~~~~~~~~~~~~~~~~~~~~~~~~~~~~~~~~~~^^
  File "/usr/lib/python3.13/pathlib/_local.py", line 548, in read_text
    return PathBase.read_text(self, encoding, errors, newline)
           ~~~~~~~~~~~~~~~~~~^^^^^^^^^^^^^^^^^^^^^^^^^^^^^^^^^
  File "/usr/lib/python3.13/pathlib/_abc.py", line 632, in read_text
    with self.open(mode='r', encoding=encoding, errors=errors, newline=newline) as f:
         ~~~~~~~~~^^^^^^^^^^^^^^^^^^^^^^^^^^^^^^^^^^^^^^^^^^^^^^^^^^^^^^^^^^^^^
  File "/usr/lib/python3.13/pathlib/_local.py", line 539, in open
    return io.open(self, mode, buffering, encoding, errors, newline)
           ~~~~~~~^^^^^^^^^^^^^^^^^^^^^^^^^^^^^^^^^^^^^^^^^^^^^^^^^^
FileNotFoundError: [Errno 2] No such file or directory: '/mnt/data/client-mode-engineering-handoff-v1.3/contracts/examples/document-result.json'

======================================================================
ERROR: test_document_entities_have_examples (test_document_contracts.DocumentContracts.test_document_entities_have_examples) (name='document-question')
----------------------------------------------------------------------
Traceback (most recent call last):
  File "/mnt/data/client-mode-engineering-handoff-v1.3/tests/test_document_contracts.py", line 26, in test_document_entities_have_examples
    with self.subTest(name=name):self.assertTrue(V.is_valid(ex(name)))
                                                            ~~^^^^^^
  File "/mnt/data/client-mode-engineering-handoff-v1.3/tests/test_document_contracts.py", line 12, in ex
    def ex(name): return json.loads((ROOT/'contracts/examples'/f'{name}.json').read_text())
                                    ~~~~~~~~~~~~~~~~~~~~~~~~~~~~~~~~~~~~~~~~~~~~~~~~~~~~^^
  File "/usr/lib/python3.13/pathlib/_local.py", line 548, in read_text
    return PathBase.read_text(self, encoding, errors, newline)
           ~~~~~~~~~~~~~~~~~~^^^^^^^^^^^^^^^^^^^^^^^^^^^^^^^^^
  File "/usr/lib/python3.13/pathlib/_abc.py", line 632, in read_text
    with self.open(mode='r', encoding=encoding, errors=errors, newline=newline) as f:
         ~~~~~~~~~^^^^^^^^^^^^^^^^^^^^^^^^^^^^^^^^^^^^^^^^^^^^^^^^^^^^^^^^^^^^^
  File "/usr/lib/python3.13/pathlib/_local.py", line 539, in open
    return io.open(self, mode, buffering, encoding, errors, newline)
           ~~~~~~~^^^^^^^^^^^^^^^^^^^^^^^^^^^^^^^^^^^^^^^^^^^^^^^^^^
FileNotFoundError: [Errno 2] No such file or directory: '/mnt/data/client-mode-engineering-handoff-v1.3/contracts/examples/document-question.json'

======================================================================
ERROR: test_document_entities_have_examples (test_document_contracts.DocumentContracts.test_document_entities_have_examples) (name='document-answer')
----------------------------------------------------------------------
Traceback (most recent call last):
  File "/mnt/data/client-mode-engineering-handoff-v1.3/tests/test_document_contracts.py", line 26, in test_document_entities_have_examples
    with self.subTest(name=name):self.assertTrue(V.is_valid(ex(name)))
                                                            ~~^^^^^^
  File "/mnt/data/client-mode-engineering-handoff-v1.3/tests/test_document_contracts.py", line 12, in ex
    def ex(name): return json.loads((ROOT/'contracts/examples'/f'{name}.json').read_text())
                                    ~~~~~~~~~~~~~~~~~~~~~~~~~~~~~~~~~~~~~~~~~~~~~~~~~~~~^^
  File "/usr/lib/python3.13/pathlib/_local.py", line 548, in read_text
    return PathBase.read_text(self, encoding, errors, newline)
           ~~~~~~~~~~~~~~~~~~^^^^^^^^^^^^^^^^^^^^^^^^^^^^^^^^^
  File "/usr/lib/python3.13/pathlib/_abc.py", line 632, in read_text
    with self.open(mode='r', encoding=encoding, errors=errors, newline=newline) as f:
         ~~~~~~~~~^^^^^^^^^^^^^^^^^^^^^^^^^^^^^^^^^^^^^^^^^^^^^^^^^^^^^^^^^^^^^
  File "/usr/lib/python3.13/pathlib/_local.py", line 539, in open
    return io.open(self, mode, buffering, encoding, errors, newline)
           ~~~~~~~^^^^^^^^^^^^^^^^^^^^^^^^^^^^^^^^^^^^^^^^^^^^^^^^^^
FileNotFoundError: [Errno 2] No such file or directory: '/mnt/data/client-mode-engineering-handoff-v1.3/contracts/examples/document-answer.json'

======================================================================
ERROR: test_document_entities_have_examples (test_document_contracts.DocumentContracts.test_document_entities_have_examples) (name='service-case')
----------------------------------------------------------------------
Traceback (most recent call last):
  File "/mnt/data/client-mode-engineering-handoff-v1.3/tests/test_document_contracts.py", line 26, in test_document_entities_have_examples
    with self.subTest(name=name):self.assertTrue(V.is_valid(ex(name)))
                                                            ~~^^^^^^
  File "/mnt/data/client-mode-engineering-handoff-v1.3/tests/test_document_contracts.py", line 12, in ex
    def ex(name): return json.loads((ROOT/'contracts/examples'/f'{name}.json').read_text())
                                    ~~~~~~~~~~~~~~~~~~~~~~~~~~~~~~~~~~~~~~~~~~~~~~~~~~~~^^
  File "/usr/lib/python3.13/pathlib/_local.py", line 548, in read_text
    return PathBase.read_text(self, encoding, errors, newline)
           ~~~~~~~~~~~~~~~~~~^^^^^^^^^^^^^^^^^^^^^^^^^^^^^^^^^
  File "/usr/lib/python3.13/pathlib/_abc.py", line 632, in read_text
    with self.open(mode='r', encoding=encoding, errors=errors, newline=newline) as f:
         ~~~~~~~~~^^^^^^^^^^^^^^^^^^^^^^^^^^^^^^^^^^^^^^^^^^^^^^^^^^^^^^^^^^^^^
  File "/usr/lib/python3.13/pathlib/_local.py", line 539, in open
    return io.open(self, mode, buffering, encoding, errors, newline)
           ~~~~~~~^^^^^^^^^^^^^^^^^^^^^^^^^^^^^^^^^^^^^^^^^^^^^^^^^^
FileNotFoundError: [Errno 2] No such file or directory: '/mnt/data/client-mode-engineering-handoff-v1.3/contracts/examples/service-case.json'

======================================================================
ERROR: test_document_question_is_not_software_run_bound (test_document_contracts.DocumentContracts.test_document_question_is_not_software_run_bound)
----------------------------------------------------------------------
Traceback (most recent call last):
  File "/mnt/data/client-mode-engineering-handoff-v1.3/tests/test_document_contracts.py", line 67, in test_document_question_is_not_software_run_bound
    x=ex('document-question');self.assertNotIn('run_id',x);self.assertTrue(V.is_valid(x))
  File "/mnt/data/client-mode-engineering-handoff-v1.3/tests/test_document_contracts.py", line 12, in ex
    def ex(name): return json.loads((ROOT/'contracts/examples'/f'{name}.json').read_text())
                                    ~~~~~~~~~~~~~~~~~~~~~~~~~~~~~~~~~~~~~~~~~~~~~~~~~~~~^^
  File "/usr/lib/python3.13/pathlib/_local.py", line 548, in read_text
    return PathBase.read_text(self, encoding, errors, newline)
           ~~~~~~~~~~~~~~~~~~^^^^^^^^^^^^^^^^^^^^^^^^^^^^^^^^^
  File "/usr/lib/python3.13/pathlib/_abc.py", line 632, in read_text
    with self.open(mode='r', encoding=encoding, errors=errors, newline=newline) as f:
         ~~~~~~~~~^^^^^^^^^^^^^^^^^^^^^^^^^^^^^^^^^^^^^^^^^^^^^^^^^^^^^^^^^^^^^
  File "/usr/lib/python3.13/pathlib/_local.py", line 539, in open
    return io.open(self, mode, buffering, encoding, errors, newline)
           ~~~~~~~^^^^^^^^^^^^^^^^^^^^^^^^^^^^^^^^^^^^^^^^^^^^^^^^^^
FileNotFoundError: [Errno 2] No such file or directory: '/mnt/data/client-mode-engineering-handoff-v1.3/contracts/examples/document-question.json'

======================================================================
ERROR: test_duplicate_document_inputs_rejected (test_document_contracts.DocumentContracts.test_duplicate_document_inputs_rejected)
----------------------------------------------------------------------
Traceback (most recent call last):
  File "/mnt/data/client-mode-engineering-handoff-v1.3/tests/test_document_contracts.py", line 36, in test_duplicate_document_inputs_rejected
    x=ex('document-job');x['input_version_ids']=['v1','v1'];self.assertFalse(V.is_valid(x))
  File "/mnt/data/client-mode-engineering-handoff-v1.3/tests/test_document_contracts.py", line 12, in ex
    def ex(name): return json.loads((ROOT/'contracts/examples'/f'{name}.json').read_text())
                                    ~~~~~~~~~~~~~~~~~~~~~~~~~~~~~~~~~~~~~~~~~~~~~~~~~~~~^^
  File "/usr/lib/python3.13/pathlib/_local.py", line 548, in read_text
    return PathBase.read_text(self, encoding, errors, newline)
           ~~~~~~~~~~~~~~~~~~^^^^^^^^^^^^^^^^^^^^^^^^^^^^^^^^^
  File "/usr/lib/python3.13/pathlib/_abc.py", line 632, in read_text
    with self.open(mode='r', encoding=encoding, errors=errors, newline=newline) as f:
         ~~~~~~~~~^^^^^^^^^^^^^^^^^^^^^^^^^^^^^^^^^^^^^^^^^^^^^^^^^^^^^^^^^^^^^
  File "/usr/lib/python3.13/pathlib/_local.py", line 539, in open
    return io.open(self, mode, buffering, encoding, errors, newline)
           ~~~~~~~^^^^^^^^^^^^^^^^^^^^^^^^^^^^^^^^^^^^^^^^^^^^^^^^^^
FileNotFoundError: [Errno 2] No such file or directory: '/mnt/data/client-mode-engineering-handoff-v1.3/contracts/examples/document-job.json'

======================================================================
ERROR: test_excel_citation_is_sheet_and_cell_specific (test_document_contracts.DocumentContracts.test_excel_citation_is_sheet_and_cell_specific)
----------------------------------------------------------------------
Traceback (most recent call last):
  File "/mnt/data/client-mode-engineering-handoff-v1.3/tests/test_document_contracts.py", line 58, in test_excel_citation_is_sheet_and_cell_specific
    x=ex('document-finding');x['citations'][0]['locator']={'type':'sheet','sheet_name':'Prices','cell_range':'D2:D1501'};self.assertTrue(V.is_valid(x))
  File "/mnt/data/client-mode-engineering-handoff-v1.3/tests/test_document_contracts.py", line 12, in ex
    def ex(name): return json.loads((ROOT/'contracts/examples'/f'{name}.json').read_text())
                                    ~~~~~~~~~~~~~~~~~~~~~~~~~~~~~~~~~~~~~~~~~~~~~~~~~~~~^^
  File "/usr/lib/python3.13/pathlib/_local.py", line 548, in read_text
    return PathBase.read_text(self, encoding, errors, newline)
           ~~~~~~~~~~~~~~~~~~^^^^^^^^^^^^^^^^^^^^^^^^^^^^^^^^^
  File "/usr/lib/python3.13/pathlib/_abc.py", line 632, in read_text
    with self.open(mode='r', encoding=encoding, errors=errors, newline=newline) as f:
         ~~~~~~~~~^^^^^^^^^^^^^^^^^^^^^^^^^^^^^^^^^^^^^^^^^^^^^^^^^^^^^^^^^^^^^
  File "/usr/lib/python3.13/pathlib/_local.py", line 539, in open
    return io.open(self, mode, buffering, encoding, errors, newline)
           ~~~~~~~^^^^^^^^^^^^^^^^^^^^^^^^^^^^^^^^^^^^^^^^^^^^^^^^^^
FileNotFoundError: [Errno 2] No such file or directory: '/mnt/data/client-mode-engineering-handoff-v1.3/contracts/examples/document-finding.json'

======================================================================
ERROR: test_ingested_version_requires_scan_pass (test_document_contracts.DocumentContracts.test_ingested_version_requires_scan_pass)
----------------------------------------------------------------------
Traceback (most recent call last):
  File "/mnt/data/client-mode-engineering-handoff-v1.3/tests/test_document_contracts.py", line 48, in test_ingested_version_requires_scan_pass
    x=ex('document-version');x.update(ingestion_status='INGESTED',safety_status='UNVERIFIED');self.assertFalse(V.is_valid(x))
  File "/mnt/data/client-mode-engineering-handoff-v1.3/tests/test_document_contracts.py", line 12, in ex
    def ex(name): return json.loads((ROOT/'contracts/examples'/f'{name}.json').read_text())
                                    ~~~~~~~~~~~~~~~~~~~~~~~~~~~~~~~~~~~~~~~~~~~~~~~~~~~~^^
  File "/usr/lib/python3.13/pathlib/_local.py", line 548, in read_text
    return PathBase.read_text(self, encoding, errors, newline)
           ~~~~~~~~~~~~~~~~~~^^^^^^^^^^^^^^^^^^^^^^^^^^^^^^^^^
  File "/usr/lib/python3.13/pathlib/_abc.py", line 632, in read_text
    with self.open(mode='r', encoding=encoding, errors=errors, newline=newline) as f:
         ~~~~~~~~~^^^^^^^^^^^^^^^^^^^^^^^^^^^^^^^^^^^^^^^^^^^^^^^^^^^^^^^^^^^^^
  File "/usr/lib/python3.13/pathlib/_local.py", line 539, in open
    return io.open(self, mode, buffering, encoding, errors, newline)
           ~~~~~~~^^^^^^^^^^^^^^^^^^^^^^^^^^^^^^^^^^^^^^^^^^^^^^^^^^
FileNotFoundError: [Errno 2] No such file or directory: '/mnt/data/client-mode-engineering-handoff-v1.3/contracts/examples/document-version.json'

======================================================================
ERROR: test_job_has_no_self_approval_field (test_document_contracts.DocumentContracts.test_job_has_no_self_approval_field)
----------------------------------------------------------------------
Traceback (most recent call last):
  File "/mnt/data/client-mode-engineering-handoff-v1.3/tests/test_document_contracts.py", line 40, in test_job_has_no_self_approval_field
    x=ex('document-job');x['approved_by_agent']=True;self.assertFalse(V.is_valid(x))
  File "/mnt/data/client-mode-engineering-handoff-v1.3/tests/test_document_contracts.py", line 12, in ex
    def ex(name): return json.loads((ROOT/'contracts/examples'/f'{name}.json').read_text())
                                    ~~~~~~~~~~~~~~~~~~~~~~~~~~~~~~~~~~~~~~~~~~~~~~~~~~~~^^
  File "/usr/lib/python3.13/pathlib/_local.py", line 548, in read_text
    return PathBase.read_text(self, encoding, errors, newline)
           ~~~~~~~~~~~~~~~~~~^^^^^^^^^^^^^^^^^^^^^^^^^^^^^^^^^
  File "/usr/lib/python3.13/pathlib/_abc.py", line 632, in read_text
    with self.open(mode='r', encoding=encoding, errors=errors, newline=newline) as f:
         ~~~~~~~~~^^^^^^^^^^^^^^^^^^^^^^^^^^^^^^^^^^^^^^^^^^^^^^^^^^^^^^^^^^^^^
  File "/usr/lib/python3.13/pathlib/_local.py", line 539, in open
    return io.open(self, mode, buffering, encoding, errors, newline)
           ~~~~~~~^^^^^^^^^^^^^^^^^^^^^^^^^^^^^^^^^^^^^^^^^^^^^^^^^^
FileNotFoundError: [Errno 2] No such file or directory: '/mnt/data/client-mode-engineering-handoff-v1.3/contracts/examples/document-job.json'

======================================================================
ERROR: test_job_revision_is_positive (test_document_contracts.DocumentContracts.test_job_revision_is_positive)
----------------------------------------------------------------------
Traceback (most recent call last):
  File "/mnt/data/client-mode-engineering-handoff-v1.3/tests/test_document_contracts.py", line 38, in test_job_revision_is_positive
    x=ex('document-job');x['instruction_revision']=0;self.assertFalse(V.is_valid(x))
  File "/mnt/data/client-mode-engineering-handoff-v1.3/tests/test_document_contracts.py", line 12, in ex
    def ex(name): return json.loads((ROOT/'contracts/examples'/f'{name}.json').read_text())
                                    ~~~~~~~~~~~~~~~~~~~~~~~~~~~~~~~~~~~~~~~~~~~~~~~~~~~~^^
  File "/usr/lib/python3.13/pathlib/_local.py", line 548, in read_text
    return PathBase.read_text(self, encoding, errors, newline)
           ~~~~~~~~~~~~~~~~~~^^^^^^^^^^^^^^^^^^^^^^^^^^^^^^^^^
  File "/usr/lib/python3.13/pathlib/_abc.py", line 632, in read_text
    with self.open(mode='r', encoding=encoding, errors=errors, newline=newline) as f:
         ~~~~~~~~~^^^^^^^^^^^^^^^^^^^^^^^^^^^^^^^^^^^^^^^^^^^^^^^^^^^^^^^^^^^^^
  File "/usr/lib/python3.13/pathlib/_local.py", line 539, in open
    return io.open(self, mode, buffering, encoding, errors, newline)
           ~~~~~~~^^^^^^^^^^^^^^^^^^^^^^^^^^^^^^^^^^^^^^^^^^^^^^^^^^
FileNotFoundError: [Errno 2] No such file or directory: '/mnt/data/client-mode-engineering-handoff-v1.3/contracts/examples/document-job.json'

======================================================================
ERROR: test_observation_requires_source (test_document_contracts.DocumentContracts.test_observation_requires_source)
----------------------------------------------------------------------
Traceback (most recent call last):
  File "/mnt/data/client-mode-engineering-handoff-v1.3/tests/test_document_contracts.py", line 50, in test_observation_requires_source
    x=ex('document-finding');x.update(classification='observed',citations=[]);self.assertFalse(V.is_valid(x))
  File "/mnt/data/client-mode-engineering-handoff-v1.3/tests/test_document_contracts.py", line 12, in ex
    def ex(name): return json.loads((ROOT/'contracts/examples'/f'{name}.json').read_text())
                                    ~~~~~~~~~~~~~~~~~~~~~~~~~~~~~~~~~~~~~~~~~~~~~~~~~~~~^^
  File "/usr/lib/python3.13/pathlib/_local.py", line 548, in read_text
    return PathBase.read_text(self, encoding, errors, newline)
           ~~~~~~~~~~~~~~~~~~^^^^^^^^^^^^^^^^^^^^^^^^^^^^^^^^^
  File "/usr/lib/python3.13/pathlib/_abc.py", line 632, in read_text
    with self.open(mode='r', encoding=encoding, errors=errors, newline=newline) as f:
         ~~~~~~~~~^^^^^^^^^^^^^^^^^^^^^^^^^^^^^^^^^^^^^^^^^^^^^^^^^^^^^^^^^^^^^
  File "/usr/lib/python3.13/pathlib/_local.py", line 539, in open
    return io.open(self, mode, buffering, encoding, errors, newline)
           ~~~~~~~^^^^^^^^^^^^^^^^^^^^^^^^^^^^^^^^^^^^^^^^^^^^^^^^^^
FileNotFoundError: [Errno 2] No such file or directory: '/mnt/data/client-mode-engineering-handoff-v1.3/contracts/examples/document-finding.json'

======================================================================
ERROR: test_output_artifacts_required (test_document_contracts.DocumentContracts.test_output_artifacts_required)
----------------------------------------------------------------------
Traceback (most recent call last):
  File "/mnt/data/client-mode-engineering-handoff-v1.3/tests/test_document_contracts.py", line 63, in test_output_artifacts_required
    x=ex('document-result');x['artifacts']=[];self.assertFalse(V.is_valid(x))
  File "/mnt/data/client-mode-engineering-handoff-v1.3/tests/test_document_contracts.py", line 12, in ex
    def ex(name): return json.loads((ROOT/'contracts/examples'/f'{name}.json').read_text())
                                    ~~~~~~~~~~~~~~~~~~~~~~~~~~~~~~~~~~~~~~~~~~~~~~~~~~~~^^
  File "/usr/lib/python3.13/pathlib/_local.py", line 548, in read_text
    return PathBase.read_text(self, encoding, errors, newline)
           ~~~~~~~~~~~~~~~~~~^^^^^^^^^^^^^^^^^^^^^^^^^^^^^^^^^
  File "/usr/lib/python3.13/pathlib/_abc.py", line 632, in read_text
    with self.open(mode='r', encoding=encoding, errors=errors, newline=newline) as f:
         ~~~~~~~~~^^^^^^^^^^^^^^^^^^^^^^^^^^^^^^^^^^^^^^^^^^^^^^^^^^^^^^^^^^^^^
  File "/usr/lib/python3.13/pathlib/_local.py", line 539, in open
    return io.open(self, mode, buffering, encoding, errors, newline)
           ~~~~~~~^^^^^^^^^^^^^^^^^^^^^^^^^^^^^^^^^^^^^^^^^^^^^^^^^^
FileNotFoundError: [Errno 2] No such file or directory: '/mnt/data/client-mode-engineering-handoff-v1.3/contracts/examples/document-result.json'

======================================================================
ERROR: test_pdf_citation_page_is_positive (test_document_contracts.DocumentContracts.test_pdf_citation_page_is_positive)
----------------------------------------------------------------------
Traceback (most recent call last):
  File "/mnt/data/client-mode-engineering-handoff-v1.3/tests/test_document_contracts.py", line 54, in test_pdf_citation_page_is_positive
    x=ex('document-finding');x['citations'][0]['locator']['page_number']=0;self.assertFalse(V.is_valid(x))
  File "/mnt/data/client-mode-engineering-handoff-v1.3/tests/test_document_contracts.py", line 12, in ex
    def ex(name): return json.loads((ROOT/'contracts/examples'/f'{name}.json').read_text())
                                    ~~~~~~~~~~~~~~~~~~~~~~~~~~~~~~~~~~~~~~~~~~~~~~~~~~~~^^
  File "/usr/lib/python3.13/pathlib/_local.py", line 548, in read_text
    return PathBase.read_text(self, encoding, errors, newline)
           ~~~~~~~~~~~~~~~~~~^^^^^^^^^^^^^^^^^^^^^^^^^^^^^^^^^
  File "/usr/lib/python3.13/pathlib/_abc.py", line 632, in read_text
    with self.open(mode='r', encoding=encoding, errors=errors, newline=newline) as f:
         ~~~~~~~~~^^^^^^^^^^^^^^^^^^^^^^^^^^^^^^^^^^^^^^^^^^^^^^^^^^^^^^^^^^^^^
  File "/usr/lib/python3.13/pathlib/_local.py", line 539, in open
    return io.open(self, mode, buffering, encoding, errors, newline)
           ~~~~~~~^^^^^^^^^^^^^^^^^^^^^^^^^^^^^^^^^^^^^^^^^^^^^^^^^^
FileNotFoundError: [Errno 2] No such file or directory: '/mnt/data/client-mode-engineering-handoff-v1.3/contracts/examples/document-finding.json'

======================================================================
ERROR: test_processing_job_does_not_require_software_run (test_document_contracts.DocumentContracts.test_processing_job_does_not_require_software_run)
----------------------------------------------------------------------
Traceback (most recent call last):
  File "/mnt/data/client-mode-engineering-handoff-v1.3/tests/test_document_contracts.py", line 30, in test_processing_job_does_not_require_software_run
    x=ex('document-job');x.update(state='PROCESSING',software_run_id=None,result_id=None);self.assertTrue(V.is_valid(x))
  File "/mnt/data/client-mode-engineering-handoff-v1.3/tests/test_document_contracts.py", line 12, in ex
    def ex(name): return json.loads((ROOT/'contracts/examples'/f'{name}.json').read_text())
                                    ~~~~~~~~~~~~~~~~~~~~~~~~~~~~~~~~~~~~~~~~~~~~~~~~~~~~^^
  File "/usr/lib/python3.13/pathlib/_local.py", line 548, in read_text
    return PathBase.read_text(self, encoding, errors, newline)
           ~~~~~~~~~~~~~~~~~~^^^^^^^^^^^^^^^^^^^^^^^^^^^^^^^^^
  File "/usr/lib/python3.13/pathlib/_abc.py", line 632, in read_text
    with self.open(mode='r', encoding=encoding, errors=errors, newline=newline) as f:
         ~~~~~~~~~^^^^^^^^^^^^^^^^^^^^^^^^^^^^^^^^^^^^^^^^^^^^^^^^^^^^^^^^^^^^^
  File "/usr/lib/python3.13/pathlib/_local.py", line 539, in open
    return io.open(self, mode, buffering, encoding, errors, newline)
           ~~~~~~~^^^^^^^^^^^^^^^^^^^^^^^^^^^^^^^^^^^^^^^^^^^^^^^^^^
FileNotFoundError: [Errno 2] No such file or directory: '/mnt/data/client-mode-engineering-handoff-v1.3/contracts/examples/document-job.json'

======================================================================
ERROR: test_ready_document_requires_protected_result_reference (test_document_contracts.DocumentContracts.test_ready_document_requires_protected_result_reference)
----------------------------------------------------------------------
Traceback (most recent call last):
  File "/mnt/data/client-mode-engineering-handoff-v1.3/tests/test_document_contracts.py", line 28, in test_ready_document_requires_protected_result_reference
    x=ex('document-job');x.update(state='READY',result_id=None);self.assertFalse(V.is_valid(x))
  File "/mnt/data/client-mode-engineering-handoff-v1.3/tests/test_document_contracts.py", line 12, in ex
    def ex(name): return json.loads((ROOT/'contracts/examples'/f'{name}.json').read_text())
                                    ~~~~~~~~~~~~~~~~~~~~~~~~~~~~~~~~~~~~~~~~~~~~~~~~~~~~^^
  File "/usr/lib/python3.13/pathlib/_local.py", line 548, in read_text
    return PathBase.read_text(self, encoding, errors, newline)
           ~~~~~~~~~~~~~~~~~~^^^^^^^^^^^^^^^^^^^^^^^^^^^^^^^^^
  File "/usr/lib/python3.13/pathlib/_abc.py", line 632, in read_text
    with self.open(mode='r', encoding=encoding, errors=errors, newline=newline) as f:
         ~~~~~~~~~^^^^^^^^^^^^^^^^^^^^^^^^^^^^^^^^^^^^^^^^^^^^^^^^^^^^^^^^^^^^^
  File "/usr/lib/python3.13/pathlib/_local.py", line 539, in open
    return io.open(self, mode, buffering, encoding, errors, newline)
           ~~~~~~~^^^^^^^^^^^^^^^^^^^^^^^^^^^^^^^^^^^^^^^^^^^^^^^^^^
FileNotFoundError: [Errno 2] No such file or directory: '/mnt/data/client-mode-engineering-handoff-v1.3/contracts/examples/document-job.json'

======================================================================
ERROR: test_recalculation_unknown_not_recast_as_verified (test_document_contracts.DocumentContracts.test_recalculation_unknown_not_recast_as_verified)
----------------------------------------------------------------------
Traceback (most recent call last):
  File "/mnt/data/client-mode-engineering-handoff-v1.3/tests/test_document_contracts.py", line 65, in test_recalculation_unknown_not_recast_as_verified
    x=ex('document-result');x['calculation_status']='probably-correct';self.assertFalse(V.is_valid(x))
  File "/mnt/data/client-mode-engineering-handoff-v1.3/tests/test_document_contracts.py", line 12, in ex
    def ex(name): return json.loads((ROOT/'contracts/examples'/f'{name}.json').read_text())
                                    ~~~~~~~~~~~~~~~~~~~~~~~~~~~~~~~~~~~~~~~~~~~~~~~~~~~~^^
  File "/usr/lib/python3.13/pathlib/_local.py", line 548, in read_text
    return PathBase.read_text(self, encoding, errors, newline)
           ~~~~~~~~~~~~~~~~~~^^^^^^^^^^^^^^^^^^^^^^^^^^^^^^^^^
  File "/usr/lib/python3.13/pathlib/_abc.py", line 632, in read_text
    with self.open(mode='r', encoding=encoding, errors=errors, newline=newline) as f:
         ~~~~~~~~~^^^^^^^^^^^^^^^^^^^^^^^^^^^^^^^^^^^^^^^^^^^^^^^^^^^^^^^^^^^^^
  File "/usr/lib/python3.13/pathlib/_local.py", line 539, in open
    return io.open(self, mode, buffering, encoding, errors, newline)
           ~~~~~~~^^^^^^^^^^^^^^^^^^^^^^^^^^^^^^^^^^^^^^^^^^^^^^^^^^
FileNotFoundError: [Errno 2] No such file or directory: '/mnt/data/client-mode-engineering-handoff-v1.3/contracts/examples/document-result.json'

======================================================================
ERROR: test_scope_cannot_be_empty_for_source_analysis (test_document_contracts.DocumentContracts.test_scope_cannot_be_empty_for_source_analysis)
----------------------------------------------------------------------
Traceback (most recent call last):
  File "/mnt/data/client-mode-engineering-handoff-v1.3/tests/test_document_contracts.py", line 42, in test_scope_cannot_be_empty_for_source_analysis
    x=ex('document-scope');x['units']=[];self.assertFalse(V.is_valid(x))
  File "/mnt/data/client-mode-engineering-handoff-v1.3/tests/test_document_contracts.py", line 12, in ex
    def ex(name): return json.loads((ROOT/'contracts/examples'/f'{name}.json').read_text())
                                    ~~~~~~~~~~~~~~~~~~~~~~~~~~~~~~~~~~~~~~~~~~~~~~~~~~~~^^
  File "/usr/lib/python3.13/pathlib/_local.py", line 548, in read_text
    return PathBase.read_text(self, encoding, errors, newline)
           ~~~~~~~~~~~~~~~~~~^^^^^^^^^^^^^^^^^^^^^^^^^^^^^^^^^
  File "/usr/lib/python3.13/pathlib/_abc.py", line 632, in read_text
    with self.open(mode='r', encoding=encoding, errors=errors, newline=newline) as f:
         ~~~~~~~~~^^^^^^^^^^^^^^^^^^^^^^^^^^^^^^^^^^^^^^^^^^^^^^^^^^^^^^^^^^^^^
  File "/usr/lib/python3.13/pathlib/_local.py", line 539, in open
    return io.open(self, mode, buffering, encoding, errors, newline)
           ~~~~~~~^^^^^^^^^^^^^^^^^^^^^^^^^^^^^^^^^^^^^^^^^^^^^^^^^^
FileNotFoundError: [Errno 2] No such file or directory: '/mnt/data/client-mode-engineering-handoff-v1.3/contracts/examples/document-scope.json'

======================================================================
ERROR: test_scope_carries_an_explicit_visibility_boundary (test_document_contracts.DocumentContracts.test_scope_carries_an_explicit_visibility_boundary)
----------------------------------------------------------------------
Traceback (most recent call last):
  File "/mnt/data/client-mode-engineering-handoff-v1.3/tests/test_document_contracts.py", line 71, in test_scope_carries_an_explicit_visibility_boundary
    x=ex('document-scope');del x['scope_mode'];self.assertFalse(V.is_valid(x))
  File "/mnt/data/client-mode-engineering-handoff-v1.3/tests/test_document_contracts.py", line 12, in ex
    def ex(name): return json.loads((ROOT/'contracts/examples'/f'{name}.json').read_text())
                                    ~~~~~~~~~~~~~~~~~~~~~~~~~~~~~~~~~~~~~~~~~~~~~~~~~~~~^^
  File "/usr/lib/python3.13/pathlib/_local.py", line 548, in read_text
    return PathBase.read_text(self, encoding, errors, newline)
           ~~~~~~~~~~~~~~~~~~^^^^^^^^^^^^^^^^^^^^^^^^^^^^^^^^^
  File "/usr/lib/python3.13/pathlib/_abc.py", line 632, in read_text
    with self.open(mode='r', encoding=encoding, errors=errors, newline=newline) as f:
         ~~~~~~~~~^^^^^^^^^^^^^^^^^^^^^^^^^^^^^^^^^^^^^^^^^^^^^^^^^^^^^^^^^^^^^
  File "/usr/lib/python3.13/pathlib/_local.py", line 539, in open
    return io.open(self, mode, buffering, encoding, errors, newline)
           ~~~~~~~^^^^^^^^^^^^^^^^^^^^^^^^^^^^^^^^^^^^^^^^^^^^^^^^^^
FileNotFoundError: [Errno 2] No such file or directory: '/mnt/data/client-mode-engineering-handoff-v1.3/contracts/examples/document-scope.json'

======================================================================
ERROR: test_scope_digest_required (test_document_contracts.DocumentContracts.test_scope_digest_required)
----------------------------------------------------------------------
Traceback (most recent call last):
  File "/mnt/data/client-mode-engineering-handoff-v1.3/tests/test_document_contracts.py", line 44, in test_scope_digest_required
    x=ex('document-scope');del x['scope_digest'];self.assertFalse(V.is_valid(x))
  File "/mnt/data/client-mode-engineering-handoff-v1.3/tests/test_document_contracts.py", line 12, in ex
    def ex(name): return json.loads((ROOT/'contracts/examples'/f'{name}.json').read_text())
                                    ~~~~~~~~~~~~~~~~~~~~~~~~~~~~~~~~~~~~~~~~~~~~~~~~~~~~^^
  File "/usr/lib/python3.13/pathlib/_local.py", line 548, in read_text
    return PathBase.read_text(self, encoding, errors, newline)
           ~~~~~~~~~~~~~~~~~~^^^^^^^^^^^^^^^^^^^^^^^^^^^^^^^^^
  File "/usr/lib/python3.13/pathlib/_abc.py", line 632, in read_text
    with self.open(mode='r', encoding=encoding, errors=errors, newline=newline) as f:
         ~~~~~~~~~^^^^^^^^^^^^^^^^^^^^^^^^^^^^^^^^^^^^^^^^^^^^^^^^^^^^^^^^^^^^^
  File "/usr/lib/python3.13/pathlib/_local.py", line 539, in open
    return io.open(self, mode, buffering, encoding, errors, newline)
           ~~~~~~~^^^^^^^^^^^^^^^^^^^^^^^^^^^^^^^^^^^^^^^^^^^^^^^^^^
FileNotFoundError: [Errno 2] No such file or directory: '/mnt/data/client-mode-engineering-handoff-v1.3/contracts/examples/document-scope.json'

======================================================================
ERROR: test_service_case_not_a_fake_sla (test_document_contracts.DocumentContracts.test_service_case_not_a_fake_sla)
----------------------------------------------------------------------
Traceback (most recent call last):
  File "/mnt/data/client-mode-engineering-handoff-v1.3/tests/test_document_contracts.py", line 73, in test_service_case_not_a_fake_sla
    x=ex('service-case');x['coverage_mode']='always-on-by-prompt';self.assertFalse(V.is_valid(x))
  File "/mnt/data/client-mode-engineering-handoff-v1.3/tests/test_document_contracts.py", line 12, in ex
    def ex(name): return json.loads((ROOT/'contracts/examples'/f'{name}.json').read_text())
                                    ~~~~~~~~~~~~~~~~~~~~~~~~~~~~~~~~~~~~~~~~~~~~~~~~~~~~^^
  File "/usr/lib/python3.13/pathlib/_local.py", line 548, in read_text
    return PathBase.read_text(self, encoding, errors, newline)
           ~~~~~~~~~~~~~~~~~~^^^^^^^^^^^^^^^^^^^^^^^^^^^^^^^^^
  File "/usr/lib/python3.13/pathlib/_abc.py", line 632, in read_text
    with self.open(mode='r', encoding=encoding, errors=errors, newline=newline) as f:
         ~~~~~~~~~^^^^^^^^^^^^^^^^^^^^^^^^^^^^^^^^^^^^^^^^^^^^^^^^^^^^^^^^^^^^^
  File "/usr/lib/python3.13/pathlib/_local.py", line 539, in open
    return io.open(self, mode, buffering, encoding, errors, newline)
           ~~~~~~~^^^^^^^^^^^^^^^^^^^^^^^^^^^^^^^^^^^^^^^^^^^^^^^^^^
FileNotFoundError: [Errno 2] No such file or directory: '/mnt/data/client-mode-engineering-handoff-v1.3/contracts/examples/service-case.json'

======================================================================
ERROR: test_source_version_cannot_be_empty (test_document_contracts.DocumentContracts.test_source_version_cannot_be_empty)
----------------------------------------------------------------------
Traceback (most recent call last):
  File "/mnt/data/client-mode-engineering-handoff-v1.3/tests/test_document_contracts.py", line 46, in test_source_version_cannot_be_empty
    x=ex('document-version');x['content_digest']='';self.assertFalse(V.is_valid(x))
  File "/mnt/data/client-mode-engineering-handoff-v1.3/tests/test_document_contracts.py", line 12, in ex
    def ex(name): return json.loads((ROOT/'contracts/examples'/f'{name}.json').read_text())
                                    ~~~~~~~~~~~~~~~~~~~~~~~~~~~~~~~~~~~~~~~~~~~~~~~~~~~~^^
  File "/usr/lib/python3.13/pathlib/_local.py", line 548, in read_text
    return PathBase.read_text(self, encoding, errors, newline)
           ~~~~~~~~~~~~~~~~~~^^^^^^^^^^^^^^^^^^^^^^^^^^^^^^^^^
  File "/usr/lib/python3.13/pathlib/_abc.py", line 632, in read_text
    with self.open(mode='r', encoding=encoding, errors=errors, newline=newline) as f:
         ~~~~~~~~~^^^^^^^^^^^^^^^^^^^^^^^^^^^^^^^^^^^^^^^^^^^^^^^^^^^^^^^^^^^^^
  File "/usr/lib/python3.13/pathlib/_local.py", line 539, in open
    return io.open(self, mode, buffering, encoding, errors, newline)
           ~~~~~~~^^^^^^^^^^^^^^^^^^^^^^^^^^^^^^^^^^^^^^^^^^^^^^^^^^
FileNotFoundError: [Errno 2] No such file or directory: '/mnt/data/client-mode-engineering-handoff-v1.3/contracts/examples/document-version.json'

======================================================================
ERROR: test_suggestion_may_be_explicitly_unsourced (test_document_contracts.DocumentContracts.test_suggestion_may_be_explicitly_unsourced)
----------------------------------------------------------------------
Traceback (most recent call last):
  File "/mnt/data/client-mode-engineering-handoff-v1.3/tests/test_document_contracts.py", line 52, in test_suggestion_may_be_explicitly_unsourced
    x=ex('document-finding');x.update(classification='suggestion',citations=[]);self.assertTrue(V.is_valid(x))
  File "/mnt/data/client-mode-engineering-handoff-v1.3/tests/test_document_contracts.py", line 12, in ex
    def ex(name): return json.loads((ROOT/'contracts/examples'/f'{name}.json').read_text())
                                    ~~~~~~~~~~~~~~~~~~~~~~~~~~~~~~~~~~~~~~~~~~~~~~~~~~~~^^
  File "/usr/lib/python3.13/pathlib/_local.py", line 548, in read_text
    return PathBase.read_text(self, encoding, errors, newline)
           ~~~~~~~~~~~~~~~~~~^^^^^^^^^^^^^^^^^^^^^^^^^^^^^^^^^
  File "/usr/lib/python3.13/pathlib/_abc.py", line 632, in read_text
    with self.open(mode='r', encoding=encoding, errors=errors, newline=newline) as f:
         ~~~~~~~~~^^^^^^^^^^^^^^^^^^^^^^^^^^^^^^^^^^^^^^^^^^^^^^^^^^^^^^^^^^^^^
  File "/usr/lib/python3.13/pathlib/_local.py", line 539, in open
    return io.open(self, mode, buffering, encoding, errors, newline)
           ~~~~~~~^^^^^^^^^^^^^^^^^^^^^^^^^^^^^^^^^^^^^^^^^^^^^^^^^^
FileNotFoundError: [Errno 2] No such file or directory: '/mnt/data/client-mode-engineering-handoff-v1.3/contracts/examples/document-finding.json'

======================================================================
ERROR: test_answer_cannot_reference_wrong_job (test_document_contracts.DocumentStorage.test_answer_cannot_reference_wrong_job)
----------------------------------------------------------------------
Traceback (most recent call last):
  File "/mnt/data/client-mode-engineering-handoff-v1.3/tests/test_document_contracts.py", line 86, in setUp
    self.db=sqlite3.connect(':memory:');self.db.executescript((ROOT/'contracts/storage/controller.sql').read_text());self.db.executescript((ROOT/'contracts/storage/documents.sql').read_text())
                                                                                                                                           ~~~~~~~~~~~~~~~~~~~~~~~~~~~~~~~~~~~~~~~~~~~~~~~~~~^^
  File "/usr/lib/python3.13/pathlib/_local.py", line 548, in read_text
    return PathBase.read_text(self, encoding, errors, newline)
           ~~~~~~~~~~~~~~~~~~^^^^^^^^^^^^^^^^^^^^^^^^^^^^^^^^^
  File "/usr/lib/python3.13/pathlib/_abc.py", line 632, in read_text
    with self.open(mode='r', encoding=encoding, errors=errors, newline=newline) as f:
         ~~~~~~~~~^^^^^^^^^^^^^^^^^^^^^^^^^^^^^^^^^^^^^^^^^^^^^^^^^^^^^^^^^^^^^
  File "/usr/lib/python3.13/pathlib/_local.py", line 539, in open
    return io.open(self, mode, buffering, encoding, errors, newline)
           ~~~~~~~^^^^^^^^^^^^^^^^^^^^^^^^^^^^^^^^^^^^^^^^^^^^^^^^^^
FileNotFoundError: [Errno 2] No such file or directory: '/mnt/data/client-mode-engineering-handoff-v1.3/contracts/storage/documents.sql'

======================================================================
ERROR: test_cross_project_source_binding_denied (test_document_contracts.DocumentStorage.test_cross_project_source_binding_denied)
----------------------------------------------------------------------
Traceback (most recent call last):
  File "/mnt/data/client-mode-engineering-handoff-v1.3/tests/test_document_contracts.py", line 86, in setUp
    self.db=sqlite3.connect(':memory:');self.db.executescript((ROOT/'contracts/storage/controller.sql').read_text());self.db.executescript((ROOT/'contracts/storage/documents.sql').read_text())
                                                                                                                                           ~~~~~~~~~~~~~~~~~~~~~~~~~~~~~~~~~~~~~~~~~~~~~~~~~~^^
  File "/usr/lib/python3.13/pathlib/_local.py", line 548, in read_text
    return PathBase.read_text(self, encoding, errors, newline)
           ~~~~~~~~~~~~~~~~~~^^^^^^^^^^^^^^^^^^^^^^^^^^^^^^^^^
  File "/usr/lib/python3.13/pathlib/_abc.py", line 632, in read_text
    with self.open(mode='r', encoding=encoding, errors=errors, newline=newline) as f:
         ~~~~~~~~~^^^^^^^^^^^^^^^^^^^^^^^^^^^^^^^^^^^^^^^^^^^^^^^^^^^^^^^^^^^^^
  File "/usr/lib/python3.13/pathlib/_local.py", line 539, in open
    return io.open(self, mode, buffering, encoding, errors, newline)
           ~~~~~~~^^^^^^^^^^^^^^^^^^^^^^^^^^^^^^^^^^^^^^^^^^^^^^^^^^
FileNotFoundError: [Errno 2] No such file or directory: '/mnt/data/client-mode-engineering-handoff-v1.3/contracts/storage/documents.sql'

======================================================================
ERROR: test_document_job_can_be_persisted_without_git_run (test_document_contracts.DocumentStorage.test_document_job_can_be_persisted_without_git_run)
----------------------------------------------------------------------
Traceback (most recent call last):
  File "/mnt/data/client-mode-engineering-handoff-v1.3/tests/test_document_contracts.py", line 86, in setUp
    self.db=sqlite3.connect(':memory:');self.db.executescript((ROOT/'contracts/storage/controller.sql').read_text());self.db.executescript((ROOT/'contracts/storage/documents.sql').read_text())
                                                                                                                                           ~~~~~~~~~~~~~~~~~~~~~~~~~~~~~~~~~~~~~~~~~~~~~~~~~~^^
  File "/usr/lib/python3.13/pathlib/_local.py", line 548, in read_text
    return PathBase.read_text(self, encoding, errors, newline)
           ~~~~~~~~~~~~~~~~~~^^^^^^^^^^^^^^^^^^^^^^^^^^^^^^^^^
  File "/usr/lib/python3.13/pathlib/_abc.py", line 632, in read_text
    with self.open(mode='r', encoding=encoding, errors=errors, newline=newline) as f:
         ~~~~~~~~~^^^^^^^^^^^^^^^^^^^^^^^^^^^^^^^^^^^^^^^^^^^^^^^^^^^^^^^^^^^^^
  File "/usr/lib/python3.13/pathlib/_local.py", line 539, in open
    return io.open(self, mode, buffering, encoding, errors, newline)
           ~~~~~~~^^^^^^^^^^^^^^^^^^^^^^^^^^^^^^^^^^^^^^^^^^^^^^^^^^
FileNotFoundError: [Errno 2] No such file or directory: '/mnt/data/client-mode-engineering-handoff-v1.3/contracts/storage/documents.sql'

======================================================================
ERROR: test_document_source_version_is_immutable (test_document_contracts.DocumentStorage.test_document_source_version_is_immutable)
----------------------------------------------------------------------
Traceback (most recent call last):
  File "/mnt/data/client-mode-engineering-handoff-v1.3/tests/test_document_contracts.py", line 86, in setUp
    self.db=sqlite3.connect(':memory:');self.db.executescript((ROOT/'contracts/storage/controller.sql').read_text());self.db.executescript((ROOT/'contracts/storage/documents.sql').read_text())
                                                                                                                                           ~~~~~~~~~~~~~~~~~~~~~~~~~~~~~~~~~~~~~~~~~~~~~~~~~~^^
  File "/usr/lib/python3.13/pathlib/_local.py", line 548, in read_text
    return PathBase.read_text(self, encoding, errors, newline)
           ~~~~~~~~~~~~~~~~~~^^^^^^^^^^^^^^^^^^^^^^^^^^^^^^^^^
  File "/usr/lib/python3.13/pathlib/_abc.py", line 632, in read_text
    with self.open(mode='r', encoding=encoding, errors=errors, newline=newline) as f:
         ~~~~~~~~~^^^^^^^^^^^^^^^^^^^^^^^^^^^^^^^^^^^^^^^^^^^^^^^^^^^^^^^^^^^^^
  File "/usr/lib/python3.13/pathlib/_local.py", line 539, in open
    return io.open(self, mode, buffering, encoding, errors, newline)
           ~~~~~~~^^^^^^^^^^^^^^^^^^^^^^^^^^^^^^^^^^^^^^^^^^^^^^^^^^
FileNotFoundError: [Errno 2] No such file or directory: '/mnt/data/client-mode-engineering-handoff-v1.3/contracts/storage/documents.sql'

======================================================================
ERROR: test_duplicate_source_binding_rejected (test_document_contracts.DocumentStorage.test_duplicate_source_binding_rejected)
----------------------------------------------------------------------
Traceback (most recent call last):
  File "/mnt/data/client-mode-engineering-handoff-v1.3/tests/test_document_contracts.py", line 86, in setUp
    self.db=sqlite3.connect(':memory:');self.db.executescript((ROOT/'contracts/storage/controller.sql').read_text());self.db.executescript((ROOT/'contracts/storage/documents.sql').read_text())
                                                                                                                                           ~~~~~~~~~~~~~~~~~~~~~~~~~~~~~~~~~~~~~~~~~~~~~~~~~~^^
  File "/usr/lib/python3.13/pathlib/_local.py", line 548, in read_text
    return PathBase.read_text(self, encoding, errors, newline)
           ~~~~~~~~~~~~~~~~~~^^^^^^^^^^^^^^^^^^^^^^^^^^^^^^^^^
  File "/usr/lib/python3.13/pathlib/_abc.py", line 632, in read_text
    with self.open(mode='r', encoding=encoding, errors=errors, newline=newline) as f:
         ~~~~~~~~~^^^^^^^^^^^^^^^^^^^^^^^^^^^^^^^^^^^^^^^^^^^^^^^^^^^^^^^^^^^^^
  File "/usr/lib/python3.13/pathlib/_local.py", line 539, in open
    return io.open(self, mode, buffering, encoding, errors, newline)
           ~~~~~~~^^^^^^^^^^^^^^^^^^^^^^^^^^^^^^^^^^^^^^^^^^^^^^^^^^
FileNotFoundError: [Errno 2] No such file or directory: '/mnt/data/client-mode-engineering-handoff-v1.3/contracts/storage/documents.sql'

======================================================================
ERROR: test_question_only_one_open_per_job (test_document_contracts.DocumentStorage.test_question_only_one_open_per_job)
----------------------------------------------------------------------
Traceback (most recent call last):
  File "/mnt/data/client-mode-engineering-handoff-v1.3/tests/test_document_contracts.py", line 86, in setUp
    self.db=sqlite3.connect(':memory:');self.db.executescript((ROOT/'contracts/storage/controller.sql').read_text());self.db.executescript((ROOT/'contracts/storage/documents.sql').read_text())
                                                                                                                                           ~~~~~~~~~~~~~~~~~~~~~~~~~~~~~~~~~~~~~~~~~~~~~~~~~~^^
  File "/usr/lib/python3.13/pathlib/_local.py", line 548, in read_text
    return PathBase.read_text(self, encoding, errors, newline)
           ~~~~~~~~~~~~~~~~~~^^^^^^^^^^^^^^^^^^^^^^^^^^^^^^^^^
  File "/usr/lib/python3.13/pathlib/_abc.py", line 632, in read_text
    with self.open(mode='r', encoding=encoding, errors=errors, newline=newline) as f:
         ~~~~~~~~~^^^^^^^^^^^^^^^^^^^^^^^^^^^^^^^^^^^^^^^^^^^^^^^^^^^^^^^^^^^^^
  File "/usr/lib/python3.13/pathlib/_local.py", line 539, in open
    return io.open(self, mode, buffering, encoding, errors, newline)
           ~~~~~~~^^^^^^^^^^^^^^^^^^^^^^^^^^^^^^^^^^^^^^^^^^^^^^^^^^
FileNotFoundError: [Errno 2] No such file or directory: '/mnt/data/client-mode-engineering-handoff-v1.3/contracts/storage/documents.sql'

======================================================================
ERROR: test_ready_requires_result (test_document_contracts.DocumentStorage.test_ready_requires_result)
----------------------------------------------------------------------
Traceback (most recent call last):
  File "/mnt/data/client-mode-engineering-handoff-v1.3/tests/test_document_contracts.py", line 86, in setUp
    self.db=sqlite3.connect(':memory:');self.db.executescript((ROOT/'contracts/storage/controller.sql').read_text());self.db.executescript((ROOT/'contracts/storage/documents.sql').read_text())
                                                                                                                                           ~~~~~~~~~~~~~~~~~~~~~~~~~~~~~~~~~~~~~~~~~~~~~~~~~~^^
  File "/usr/lib/python3.13/pathlib/_local.py", line 548, in read_text
    return PathBase.read_text(self, encoding, errors, newline)
           ~~~~~~~~~~~~~~~~~~^^^^^^^^^^^^^^^^^^^^^^^^^^^^^^^^^
  File "/usr/lib/python3.13/pathlib/_abc.py", line 632, in read_text
    with self.open(mode='r', encoding=encoding, errors=errors, newline=newline) as f:
         ~~~~~~~~~^^^^^^^^^^^^^^^^^^^^^^^^^^^^^^^^^^^^^^^^^^^^^^^^^^^^^^^^^^^^^
  File "/usr/lib/python3.13/pathlib/_local.py", line 539, in open
    return io.open(self, mode, buffering, encoding, errors, newline)
           ~~~~~~~^^^^^^^^^^^^^^^^^^^^^^^^^^^^^^^^^^^^^^^^^^^^^^^^^^
FileNotFoundError: [Errno 2] No such file or directory: '/mnt/data/client-mode-engineering-handoff-v1.3/contracts/storage/documents.sql'

======================================================================
FAIL: test_document_job_create_route (test_document_contracts.DocumentAPI.test_document_job_create_route)
----------------------------------------------------------------------
Traceback (most recent call last):
  File "/mnt/data/client-mode-engineering-handoff-v1.3/tests/test_document_contracts.py", line 77, in test_document_job_create_route
    def test_document_job_create_route(self):self.assertIn('/v1/projects/{project_id}/document-jobs',self.api['paths'])
                                             ~~~~~~~~~~~~~^^^^^^^^^^^^^^^^^^^^^^^^^^^^^^^^^^^^^^^^^^^^^^^^^^^^^^^^^^^^^
AssertionError: '/v1/projects/{project_id}/document-jobs' not found in {'/v1/projects': {'post': {'operationId': 'registerProject', 'summary': 'Authorize and register a selected project root', 'security': [{'clientSession': []}], 'parameters': [{'name': 'Idempotency-Key', 'in': 'header', 'required': True, 'schema': {'type': 'string', 'minLength': 1}}, {'name': 'X-CSRF-Token', 'in': 'header', 'required': False, 'schema': {'type': 'string'}, 'description': 'Required for cookie-authenticated mutations; server rejects missing/invalid token. Worker bearer authentication is separately scoped.'}], 'responses': {'201': {'description': 'Successful operation within stated scope', 'content': {'application/json': {'schema': {'$ref': 'domain.schema.json#/$defs/Project'}}}}, '400': {'description': 'Invalid input', 'content': {'application/json': {'schema': {'$ref': '#/components/schemas/Error'}}}}, '401': {'description': 'Authentication required', 'content': {'application/json': {'schema': {'$ref': '#/components/schemas/Error'}}}}, '403': {'description': 'Insufficient scope', 'content': {'application/json': {'schema': {'$ref': '#/components/schemas/Error'}}}}, '409': {'description': 'Version or idempotency conflict', 'content': {'application/json': {'schema': {'$ref': '#/components/schemas/Error'}}}}, '503': {'description': 'Unavailable capability', 'content': {'application/json': {'schema': {'$ref': '#/components/schemas/Error'}}}}, '404': {'description': 'Resource not found in actor scope', 'content': {'application/json': {'schema': {'$ref': '#/components/schemas/Error'}}}}, '413': {'description': 'Payload limit', 'content': {'application/json': {'schema': {'$ref': '#/components/schemas/Error'}}}}, '429': {'description': 'Rate limit', 'content': {'application/json': {'schema': {'$ref': '#/components/schemas/Error'}}}}, '422': {'description': 'Valid JSON with invalid domain schema or semantic input', 'content': {'application/json': {'schema': {'$ref': '#/components/schemas/Error'}}}}}, 'requestBody': {'required': True, 'content': {'application/json': {'schema': {'type': 'object', 'additionalProperties': False, 'properties': {'selected_root_token': {'type': 'string', 'pattern': '^[a-zA-Z0-9][a-zA-Z0-9_.:-]{0,127}$'}, 'profile_id': {'type': 'string', 'pattern': '^[a-zA-Z0-9][a-zA-Z0-9_.:-]{0,127}$'}}, 'required': ['selected_root_token', 'profile_id']}}}}}, 'get': {'operationId': 'listProjects', 'summary': 'listProjects', 'security': [{'clientSession': []}], 'parameters': [{'name': 'cursor', 'in': 'query', 'schema': {'type': 'string'}}, {'name': 'limit', 'in': 'query', 'schema': {'type': 'integer', 'minimum': 1, 'maximum': 100, 'default': 25}}], 'responses': {'200': {'description': 'Successful operation within stated scope', 'content': {'application/json': {'schema': {'type': 'object', 'additionalProperties': False, 'properties': {'items': {'type': 'array', 'items': {'$ref': 'domain.schema.json#/$defs/Project'}}, 'next_cursor': {'anyOf': [{'type': 'string'}, {'type': 'null'}]}}, 'required': ['items', 'next_cursor']}}}}, '400': {'description': 'Invalid input', 'content': {'application/json': {'schema': {'$ref': '#/components/schemas/Error'}}}}, '401': {'description': 'Authentication required', 'content': {'application/json': {'schema': {'$ref': '#/components/schemas/Error'}}}}, '403': {'description': 'Insufficient scope', 'content': {'application/json': {'schema': {'$ref': '#/components/schemas/Error'}}}}, '404': {'description': 'Resource not found in actor scope', 'content': {'application/json': {'schema': {'$ref': '#/components/schemas/Error'}}}}, '409': {'description': 'Version or idempotency conflict', 'content': {'application/json': {'schema': {'$ref': '#/components/schemas/Error'}}}}, '413': {'description': 'Payload limit', 'content': {'application/json': {'schema': {'$ref': '#/components/schemas/Error'}}}}, '429': {'description': 'Rate limit', 'content': {'application/json': {'schema': {'$ref': '#/components/schemas/Error'}}}}, '503': {'description': 'Unavailable capability', 'content': {'application/json': {'schema': {'$ref': '#/components/schemas/Error'}}}}, '422': {'description': 'Valid JSON with invalid domain schema or semantic input', 'content': {'application/json': {'schema': {'$ref': '#/components/schemas/Error'}}}}}}}, '/v1/projects/{project_id}': {'get': {'operationId': 'getProject', 'summary': 'Read scoped project metadata', 'security': [{'clientSession': []}, {'workerSession': []}], 'parameters': [{'name': 'project_id', 'in': 'path', 'required': True, 'schema': {'type': 'string'}}], 'responses': {'200': {'description': 'Successful operation within stated scope', 'content': {'application/json': {'schema': {'$ref': 'domain.schema.json#/$defs/Project'}}}}, '400': {'description': 'Invalid input', 'content': {'application/json': {'schema': {'$ref': '#/components/schemas/Error'}}}}, '401': {'description': 'Authentication required', 'content': {'application/json': {'schema': {'$ref': '#/components/schemas/Error'}}}}, '403': {'description': 'Insufficient scope', 'content': {'application/json': {'schema': {'$ref': '#/components/schemas/Error'}}}}, '409': {'description': 'Version or idempotency conflict', 'content': {'application/json': {'schema': {'$ref': '#/components/schemas/Error'}}}}, '503': {'description': 'Unavailable capability', 'content': {'application/json': {'schema': {'$ref': '#/components/schemas/Error'}}}}, '404': {'description': 'Resource not found in actor scope', 'content': {'application/json': {'schema': {'$ref': '#/components/schemas/Error'}}}}, '413': {'description': 'Payload limit', 'content': {'application/json': {'schema': {'$ref': '#/components/schemas/Error'}}}}, '429': {'description': 'Rate limit', 'content': {'application/json': {'schema': {'$ref': '#/components/schemas/Error'}}}}, '422': {'description': 'Valid JSON with invalid domain schema or semantic input', 'content': {'application/json': {'schema': {'$ref': '#/components/schemas/Error'}}}}}}}, '/v1/projects/{project_id}/runs': {'post': {'operationId': 'createRun', 'summary': 'Create run from client request', 'security': [{'clientSession': []}], 'parameters': [{'name': 'project_id', 'in': 'path', 'required': True, 'schema': {'type': 'string'}}, {'name': 'Idempotency-Key', 'in': 'header', 'required': True, 'schema': {'type': 'string', 'minLength': 1}}, {'name': 'X-CSRF-Token', 'in': 'header', 'required': False, 'schema': {'type': 'string'}, 'description': 'Required for cookie-authenticated mutations; server rejects missing/invalid token. Worker bearer authentication is separately scoped.'}], 'responses': {'201': {'description': 'Successful operation within stated scope', 'content': {'application/json': {'schema': {'$ref': 'domain.schema.json#/$defs/Run'}}}}, '400': {'description': 'Invalid input', 'content': {'application/json': {'schema': {'$ref': '#/components/schemas/Error'}}}}, '401': {'description': 'Authentication required', 'content': {'application/json': {'schema': {'$ref': '#/components/schemas/Error'}}}}, '403': {'description': 'Insufficient scope', 'content': {'application/json': {'schema': {'$ref': '#/components/schemas/Error'}}}}, '409': {'description': 'Version or idempotency conflict', 'content': {'application/json': {'schema': {'$ref': '#/components/schemas/Error'}}}}, '503': {'description': 'Unavailable capability', 'content': {'application/json': {'schema': {'$ref': '#/components/schemas/Error'}}}}, '404': {'description': 'Resource not found in actor scope', 'content': {'application/json': {'schema': {'$ref': '#/components/schemas/Error'}}}}, '413': {'description': 'Payload limit', 'content': {'application/json': {'schema': {'$ref': '#/components/schemas/Error'}}}}, '429': {'description': 'Rate limit', 'content': {'application/json': {'schema': {'$ref': '#/components/schemas/Error'}}}}, '422': {'description': 'Valid JSON with invalid domain schema or semantic input', 'content': {'application/json': {'schema': {'$ref': '#/components/schemas/Error'}}}}}, 'requestBody': {'required': True, 'content': {'application/json': {'schema': {'type': 'object', 'additionalProperties': False, 'properties': {'message': {'type': 'string', 'minLength': 1, 'maxLength': 100000}, 'language_hint': {'type': 'string', 'enum': ['en', 'fil', 'mixed', 'unknown']}, 'attachment_ids': {'type': 'array', 'maxItems': 5, 'items': {'type': 'string', 'pattern': '^[a-zA-Z0-9][a-zA-Z0-9_.:-]{0,127}$'}}, 'privacy_class': {'type': 'string', 'enum': ['public', 'internal', 'confidential', 'restricted']}}, 'required': ['message', 'language_hint', 'attachment_ids', 'privacy_class']}}}}}, 'get': {'operationId': 'listRuns', 'summary': 'listRuns', 'security': [{'clientSession': []}], 'parameters': [{'name': 'project_id', 'in': 'path', 'required': True, 'schema': {'type': 'string', 'pattern': '^[a-zA-Z0-9][a-zA-Z0-9_.:-]{0,127}$'}}, {'name': 'cursor', 'in': 'query', 'schema': {'type': 'string'}}, {'name': 'limit', 'in': 'query', 'schema': {'type': 'integer', 'minimum': 1, 'maximum': 100, 'default': 25}}], 'responses': {'200': {'description': 'Successful operation within stated scope', 'content': {'application/json': {'schema': {'type': 'object', 'additionalProperties': False, 'properties': {'items': {'type': 'array', 'items': {'$ref': 'domain.schema.json#/$defs/Run'}}, 'next_cursor': {'anyOf': [{'type': 'string'}, {'type': 'null'}]}}, 'required': ['items', 'next_cursor']}}}}, '400': {'description': 'Invalid input', 'content': {'application/json': {'schema': {'$ref': '#/components/schemas/Error'}}}}, '401': {'description': 'Authentication required', 'content': {'application/json': {'schema': {'$ref': '#/components/schemas/Error'}}}}, '403': {'description': 'Insufficient scope', 'content': {'application/json': {'schema': {'$ref': '#/components/schemas/Error'}}}}, '404': {'description': 'Resource not found in actor scope', 'content': {'application/json': {'schema': {'$ref': '#/components/schemas/Error'}}}}, '409': {'description': 'Version or idempotency conflict', 'content': {'application/json': {'schema': {'$ref': '#/components/schemas/Error'}}}}, '413': {'description': 'Payload limit', 'content': {'application/json': {'schema': {'$ref': '#/components/schemas/Error'}}}}, '429': {'description': 'Rate limit', 'content': {'application/json': {'schema': {'$ref': '#/components/schemas/Error'}}}}, '503': {'description': 'Unavailable capability', 'content': {'application/json': {'schema': {'$ref': '#/components/schemas/Error'}}}}, '422': {'description': 'Valid JSON with invalid domain schema or semantic input', 'content': {'application/json': {'schema': {'$ref': '#/components/schemas/Error'}}}}}}}, '/v1/runs/{run_id}': {'get': {'operationId': 'getRun', 'summary': 'Read current run state', 'security': [{'clientSession': []}, {'workerSession': []}], 'parameters': [{'name': 'run_id', 'in': 'path', 'required': True, 'schema': {'type': 'string'}}], 'responses': {'200': {'description': 'Successful operation within stated scope', 'content': {'application/json': {'schema': {'$ref': 'domain.schema.json#/$defs/Run'}}}}, '400': {'description': 'Invalid input', 'content': {'application/json': {'schema': {'$ref': '#/components/schemas/Error'}}}}, '401': {'description': 'Authentication required', 'content': {'application/json': {'schema': {'$ref': '#/components/schemas/Error'}}}}, '403': {'description': 'Insufficient scope', 'content': {'application/json': {'schema': {'$ref': '#/components/schemas/Error'}}}}, '409': {'description': 'Version or idempotency conflict', 'content': {'application/json': {'schema': {'$ref': '#/components/schemas/Error'}}}}, '503': {'description': 'Unavailable capability', 'content': {'application/json': {'schema': {'$ref': '#/components/schemas/Error'}}}}, '404': {'description': 'Resource not found in actor scope', 'content': {'application/json': {'schema': {'$ref': '#/components/schemas/Error'}}}}, '413': {'description': 'Payload limit', 'content': {'application/json': {'schema': {'$ref': '#/components/schemas/Error'}}}}, '429': {'description': 'Rate limit', 'content': {'application/json': {'schema': {'$ref': '#/components/schemas/Error'}}}}, '422': {'description': 'Valid JSON with invalid domain schema or semantic input', 'content': {'application/json': {'schema': {'$ref': '#/components/schemas/Error'}}}}}}}, '/v1/runs/{run_id}/pause': {'post': {'operationId': 'pauseRun', 'summary': 'Pause run with reconciliation', 'security': [{'clientSession': []}], 'parameters': [{'name': 'run_id', 'in': 'path', 'required': True, 'schema': {'type': 'string'}}, {'name': 'Idempotency-Key', 'in': 'header', 'required': True, 'schema': {'type': 'string', 'minLength': 1}}, {'name': 'If-Match', 'in': 'header', 'required': True, 'schema': {'type': 'string'}}, {'name': 'X-CSRF-Token', 'in': 'header', 'required': False, 'schema': {'type': 'string'}, 'description': 'Required for cookie-authenticated mutations; server rejects missing/invalid token. Worker bearer authentication is separately scoped.'}], 'responses': {'200': {'description': 'Successful operation within stated scope', 'content': {'application/json': {'schema': {'$ref': 'domain.schema.json#/$defs/Run'}}}}, '400': {'description': 'Invalid input', 'content': {'application/json': {'schema': {'$ref': '#/components/schemas/Error'}}}}, '401': {'description': 'Authentication required', 'content': {'application/json': {'schema': {'$ref': '#/components/schemas/Error'}}}}, '403': {'description': 'Insufficient scope', 'content': {'application/json': {'schema': {'$ref': '#/components/schemas/Error'}}}}, '409': {'description': 'Version or idempotency conflict', 'content': {'application/json': {'schema': {'$ref': '#/components/schemas/Error'}}}}, '503': {'description': 'Unavailable capability', 'content': {'application/json': {'schema': {'$ref': '#/components/schemas/Error'}}}}, '404': {'description': 'Resource not found in actor scope', 'content': {'application/json': {'schema': {'$ref': '#/components/schemas/Error'}}}}, '413': {'description': 'Payload limit', 'content': {'application/json': {'schema': {'$ref': '#/components/schemas/Error'}}}}, '429': {'description': 'Rate limit', 'content': {'application/json': {'schema': {'$ref': '#/components/schemas/Error'}}}}, '422': {'description': 'Valid JSON with invalid domain schema or semantic input', 'content': {'application/json': {'schema': {'$ref': '#/components/schemas/Error'}}}}}, 'requestBody': {'required': True, 'content': {'application/json': {'schema': {'type': 'object', 'additionalProperties': False, 'properties': {'reason': {'type': 'string', 'minLength': 1, 'maxLength': 100000}}, 'required': ['reason']}}}}}}, '/v1/runs/{run_id}/resume': {'post': {'operationId': 'resumeRun', 'summary': 'Resume run with reconciliation', 'security': [{'clientSession': []}], 'parameters': [{'name': 'run_id', 'in': 'path', 'required': True, 'schema': {'type': 'string'}}, {'name': 'Idempotency-Key', 'in': 'header', 'required': True, 'schema': {'type': 'string', 'minLength': 1}}, {'name': 'If-Match', 'in': 'header', 'required': True, 'schema': {'type': 'string'}}, {'name': 'X-CSRF-Token', 'in': 'header', 'required': False, 'schema': {'type': 'string'}, 'description': 'Required for cookie-authenticated mutations; server rejects missing/invalid token. Worker bearer authentication is separately scoped.'}], 'responses': {'200': {'description': 'Successful operation within stated scope', 'content': {'application/json': {'schema': {'$ref': 'domain.schema.json#/$defs/Run'}}}}, '400': {'description': 'Invalid input', 'content': {'application/json': {'schema': {'$ref': '#/components/schemas/Error'}}}}, '401': {'description': 'Authentication required', 'content': {'application/json': {'schema': {'$ref': '#/components/schemas/Error'}}}}, '403': {'description': 'Insufficient scope', 'content': {'application/json': {'schema': {'$ref': '#/components/schemas/Error'}}}}, '409': {'description': 'Version or idempotency conflict', 'content': {'application/json': {'schema': {'$ref': '#/components/schemas/Error'}}}}, '503': {'description': 'Unavailable capability', 'content': {'application/json': {'schema': {'$ref': '#/components/schemas/Error'}}}}, '404': {'description': 'Resource not found in actor scope', 'content': {'application/json': {'schema': {'$ref': '#/components/schemas/Error'}}}}, '413': {'description': 'Payload limit', 'content': {'application/json': {'schema': {'$ref': '#/components/schemas/Error'}}}}, '429': {'description': 'Rate limit', 'content': {'application/json': {'schema': {'$ref': '#/components/schemas/Error'}}}}, '422': {'description': 'Valid JSON with invalid domain schema or semantic input', 'content': {'application/json': {'schema': {'$ref': '#/components/schemas/Error'}}}}}, 'requestBody': {'required': True, 'content': {'application/json': {'schema': {'type': 'object', 'additionalProperties': False, 'properties': {'reason': {'type': 'string', 'minLength': 1, 'maxLength': 100000}}, 'required': ['reason']}}}}}}, '/v1/runs/{run_id}/cancel': {'post': {'operationId': 'cancelRun', 'summary': 'Cancel run with reconciliation', 'security': [{'clientSession': []}], 'parameters': [{'name': 'run_id', 'in': 'path', 'required': True, 'schema': {'type': 'string'}}, {'name': 'Idempotency-Key', 'in': 'header', 'required': True, 'schema': {'type': 'string', 'minLength': 1}}, {'name': 'If-Match', 'in': 'header', 'required': True, 'schema': {'type': 'string'}}, {'name': 'X-CSRF-Token', 'in': 'header', 'required': False, 'schema': {'type': 'string'}, 'description': 'Required for cookie-authenticated mutations; server rejects missing/invalid token. Worker bearer authentication is separately scoped.'}], 'responses': {'200': {'description': 'Successful operation within stated scope', 'content': {'application/json': {'schema': {'$ref': 'domain.schema.json#/$defs/Run'}}}}, '400': {'description': 'Invalid input', 'content': {'application/json': {'schema': {'$ref': '#/components/schemas/Error'}}}}, '401': {'description': 'Authentication required', 'content': {'application/json': {'schema': {'$ref': '#/components/schemas/Error'}}}}, '403': {'description': 'Insufficient scope', 'content': {'application/json': {'schema': {'$ref': '#/components/schemas/Error'}}}}, '409': {'description': 'Version or idempotency conflict', 'content': {'application/json': {'schema': {'$ref': '#/components/schemas/Error'}}}}, '503': {'description': 'Unavailable capability', 'content': {'application/json': {'schema': {'$ref': '#/components/schemas/Error'}}}}, '404': {'description': 'Resource not found in actor scope', 'content': {'application/json': {'schema': {'$ref': '#/components/schemas/Error'}}}}, '413': {'description': 'Payload limit', 'content': {'application/json': {'schema': {'$ref': '#/components/schemas/Error'}}}}, '429': {'description': 'Rate limit', 'content': {'application/json': {'schema': {'$ref': '#/components/schemas/Error'}}}}, '422': {'description': 'Valid JSON with invalid domain schema or semantic input', 'content': {'application/json': {'schema': {'$ref': '#/components/schemas/Error'}}}}}, 'requestBody': {'required': True, 'content': {'application/json': {'schema': {'type': 'object', 'additionalProperties': False, 'properties': {'reason': {'type': 'string', 'minLength': 1, 'maxLength': 100000}}, 'required': ['reason']}}}}}}, '/v1/runs/{run_id}/feedback': {'post': {'operationId': 'submitFeedback', 'summary': 'Authenticated client feedback creates a new requirement revision', 'security': [{'clientSession': []}], 'parameters': [{'name': 'run_id', 'in': 'path', 'required': True, 'schema': {'type': 'string'}}, {'name': 'Idempotency-Key', 'in': 'header', 'required': True, 'schema': {'type': 'string', 'minLength': 1}}, {'name': 'If-Match', 'in': 'header', 'required': True, 'schema': {'type': 'string'}}, {'name': 'X-CSRF-Token', 'in': 'header', 'required': False, 'schema': {'type': 'string'}, 'description': 'Required for cookie-authenticated mutations; server rejects missing/invalid token. Worker bearer authentication is separately scoped.'}], 'responses': {'201': {'description': 'Successful operation within stated scope', 'content': {'application/json': {'schema': {'$ref': 'domain.schema.json#/$defs/Feedback'}}}}, '400': {'description': 'Invalid input', 'content': {'application/json': {'schema': {'$ref': '#/components/schemas/Error'}}}}, '401': {'description': 'Authentication required', 'content': {'application/json': {'schema': {'$ref': '#/components/schemas/Error'}}}}, '403': {'description': 'Insufficient scope', 'content': {'application/json': {'schema': {'$ref': '#/components/schemas/Error'}}}}, '409': {'description': 'Version or idempotency conflict', 'content': {'application/json': {'schema': {'$ref': '#/components/schemas/Error'}}}}, '503': {'description': 'Unavailable capability', 'content': {'application/json': {'schema': {'$ref': '#/components/schemas/Error'}}}}, '404': {'description': 'Resource not found in actor scope', 'content': {'application/json': {'schema': {'$ref': '#/components/schemas/Error'}}}}, '413': {'description': 'Payload limit', 'content': {'application/json': {'schema': {'$ref': '#/components/schemas/Error'}}}}, '429': {'description': 'Rate limit', 'content': {'application/json': {'schema': {'$ref': '#/components/schemas/Error'}}}}, '422': {'description': 'Valid JSON with invalid domain schema or semantic input', 'content': {'application/json': {'schema': {'$ref': '#/components/schemas/Error'}}}}}, 'requestBody': {'required': True, 'content': {'application/json': {'schema': {'type': 'object', 'additionalProperties': False, 'properties': {'candidate_id': {'type': 'string', 'pattern': '^[a-zA-Z0-9][a-zA-Z0-9_.:-]{0,127}$'}, 'message': {'type': 'string', 'minLength': 1, 'maxLength': 100000}, 'satisfaction': {'type': 'string', 'enum': ['not_recorded', 'needs_changes', 'accepted']}}, 'required': ['candidate_id', 'message', 'satisfaction']}}}}}}, '/v1/candidates/{candidate_id}/verify': {'post': {'operationId': 'requestVerification', 'summary': 'Request protected check IDs; never submit shell commands', 'security': [{'clientSession': []}, {'workerSession': []}], 'parameters': [{'name': 'candidate_id', 'in': 'path', 'required': True, 'schema': {'type': 'string'}}, {'name': 'Idempotency-Key', 'in': 'header', 'required': True, 'schema': {'type': 'string', 'minLength': 1}}, {'name': 'X-CSRF-Token', 'in': 'header', 'required': False, 'schema': {'type': 'string'}, 'description': 'Required for cookie-authenticated mutations; server rejects missing/invalid token. Worker bearer authentication is separately scoped.'}], 'responses': {'202': {'description': 'Successful operation within stated scope', 'content': {'application/json': {'schema': {'type': 'object', 'additionalProperties': True}}}}, '400': {'description': 'Invalid input', 'content': {'application/json': {'schema': {'$ref': '#/components/schemas/Error'}}}}, '401': {'description': 'Authentication required', 'content': {'application/json': {'schema': {'$ref': '#/components/schemas/Error'}}}}, '403': {'description': 'Insufficient scope', 'content': {'application/json': {'schema': {'$ref': '#/components/schemas/Error'}}}}, '409': {'description': 'Version or idempotency conflict', 'content': {'application/json': {'schema': {'$ref': '#/components/schemas/Error'}}}}, '503': {'description': 'Unavailable capability', 'content': {'application/json': {'schema': {'$ref': '#/components/schemas/Error'}}}}, '404': {'description': 'Resource not found in actor scope', 'content': {'application/json': {'schema': {'$ref': '#/components/schemas/Error'}}}}, '413': {'description': 'Payload limit', 'content': {'application/json': {'schema': {'$ref': '#/components/schemas/Error'}}}}, '429': {'description': 'Rate limit', 'content': {'application/json': {'schema': {'$ref': '#/components/schemas/Error'}}}}, '422': {'description': 'Valid JSON with invalid domain schema or semantic input', 'content': {'application/json': {'schema': {'$ref': '#/components/schemas/Error'}}}}}, 'requestBody': {'required': True, 'content': {'application/json': {'schema': {'type': 'object', 'additionalProperties': False, 'properties': {'check_ids': {'type': 'array', 'items': {'type': 'string', 'pattern': '^[a-zA-Z0-9][a-zA-Z0-9_.:-]{0,127}$'}, 'minItems': 1}, 'policy_digest': {'type': 'string', 'pattern': '^sha256:[a-f0-9]{64}$'}}, 'required': ['check_ids', 'policy_digest']}}}}}}, '/v1/candidates/{candidate_id}/evidence': {'get': {'operationId': 'getEvidence', 'summary': 'Get authenticated evidence for scoped candidate', 'security': [{'clientSession': []}, {'workerSession': []}], 'parameters': [{'name': 'candidate_id', 'in': 'path', 'required': True, 'schema': {'type': 'string'}}], 'responses': {'200': {'description': 'Successful operation within stated scope', 'content': {'application/json': {'schema': {'$ref': 'domain.schema.json#/$defs/SignedEnvelope'}}}}, '400': {'description': 'Invalid input', 'content': {'application/json': {'schema': {'$ref': '#/components/schemas/Error'}}}}, '401': {'description': 'Authentication required', 'content': {'application/json': {'schema': {'$ref': '#/components/schemas/Error'}}}}, '403': {'description': 'Insufficient scope', 'content': {'application/json': {'schema': {'$ref': '#/components/schemas/Error'}}}}, '409': {'description': 'Version or idempotency conflict', 'content': {'application/json': {'schema': {'$ref': '#/components/schemas/Error'}}}}, '503': {'description': 'Unavailable capability', 'content': {'application/json': {'schema': {'$ref': '#/components/schemas/Error'}}}}, '404': {'description': 'Resource not found in actor scope', 'content': {'application/json': {'schema': {'$ref': '#/components/schemas/Error'}}}}, '413': {'description': 'Payload limit', 'content': {'application/json': {'schema': {'$ref': '#/components/schemas/Error'}}}}, '429': {'description': 'Rate limit', 'content': {'application/json': {'schema': {'$ref': '#/components/schemas/Error'}}}}, '422': {'description': 'Valid JSON with invalid domain schema or semantic input', 'content': {'application/json': {'schema': {'$ref': '#/components/schemas/Error'}}}}}}}, '/v1/approvals/{approval_id}/decision': {'post': {'operationId': 'decideApproval', 'summary': 'Authenticated client/role decision; workers are forbidden', 'security': [{'clientSession': []}], 'parameters': [{'name': 'approval_id', 'in': 'path', 'required': True, 'schema': {'type': 'string'}}, {'name': 'Idempotency-Key', 'in': 'header', 'required': True, 'schema': {'type': 'string', 'minLength': 1}}, {'name': 'If-Match', 'in': 'header', 'required': True, 'schema': {'type': 'string'}}, {'name': 'X-CSRF-Token', 'in': 'header', 'required': False, 'schema': {'type': 'string'}, 'description': 'Required for cookie-authenticated mutations; server rejects missing/invalid token. Worker bearer authentication is separately scoped.'}], 'responses': {'200': {'description': 'Successful operation within stated scope', 'content': {'application/json': {'schema': {'$ref': 'domain.schema.json#/$defs/ApprovalDecision'}}}}, '400': {'description': 'Invalid input', 'content': {'application/json': {'schema': {'$ref': '#/components/schemas/Error'}}}}, '401': {'description': 'Authentication required', 'content': {'application/json': {'schema': {'$ref': '#/components/schemas/Error'}}}}, '403': {'description': 'Insufficient scope', 'content': {'application/json': {'schema': {'$ref': '#/components/schemas/Error'}}}}, '409': {'description': 'Version or idempotency conflict', 'content': {'application/json': {'schema': {'$ref': '#/components/schemas/Error'}}}}, '503': {'description': 'Unavailable capability', 'content': {'application/json': {'schema': {'$ref': '#/components/schemas/Error'}}}}, '404': {'description': 'Resource not found in actor scope', 'content': {'application/json': {'schema': {'$ref': '#/components/schemas/Error'}}}}, '413': {'description': 'Payload limit', 'content': {'application/json': {'schema': {'$ref': '#/components/schemas/Error'}}}}, '429': {'description': 'Rate limit', 'content': {'application/json': {'schema': {'$ref': '#/components/schemas/Error'}}}}, '422': {'description': 'Valid JSON with invalid domain schema or semantic input', 'content': {'application/json': {'schema': {'$ref': '#/components/schemas/Error'}}}}}, 'requestBody': {'required': True, 'content': {'application/json': {'schema': {'type': 'object', 'additionalProperties': False, 'properties': {'decision': {'type': 'string', 'enum': ['approve', 'deny']}, 'displayed_action_digest': {'type': 'string', 'pattern': '^sha256:[a-f0-9]{64}$'}}, 'required': ['decision', 'displayed_action_digest']}}}}}}, '/v1/releases': {'post': {'operationId': 'createRelease', 'summary': 'Request idempotent deployment of approved exact artifact', 'security': [{'clientSession': []}], 'parameters': [{'name': 'Idempotency-Key', 'in': 'header', 'required': True, 'schema': {'type': 'string', 'minLength': 1}}, {'name': 'X-CSRF-Token', 'in': 'header', 'required': False, 'schema': {'type': 'string'}, 'description': 'Required for cookie-authenticated mutations; server rejects missing/invalid token. Worker bearer authentication is separately scoped.'}], 'responses': {'202': {'description': 'Successful operation within stated scope', 'content': {'application/json': {'schema': {'$ref': 'domain.schema.json#/$defs/Deployment'}}}}, '400': {'description': 'Invalid input', 'content': {'application/json': {'schema': {'$ref': '#/components/schemas/Error'}}}}, '401': {'description': 'Authentication required', 'content': {'application/json': {'schema': {'$ref': '#/components/schemas/Error'}}}}, '403': {'description': 'Insufficient scope', 'content': {'application/json': {'schema': {'$ref': '#/components/schemas/Error'}}}}, '409': {'description': 'Version or idempotency conflict', 'content': {'application/json': {'schema': {'$ref': '#/components/schemas/Error'}}}}, '503': {'description': 'Unavailable capability', 'content': {'application/json': {'schema': {'$ref': '#/components/schemas/Error'}}}}, '404': {'description': 'Resource not found in actor scope', 'content': {'application/json': {'schema': {'$ref': '#/components/schemas/Error'}}}}, '413': {'description': 'Payload limit', 'content': {'application/json': {'schema': {'$ref': '#/components/schemas/Error'}}}}, '429': {'description': 'Rate limit', 'content': {'application/json': {'schema': {'$ref': '#/components/schemas/Error'}}}}, '422': {'description': 'Valid JSON with invalid domain schema or semantic input', 'content': {'application/json': {'schema': {'$ref': '#/components/schemas/Error'}}}}}, 'requestBody': {'required': True, 'content': {'application/json': {'schema': {'type': 'object', 'additionalProperties': False, 'properties': {'candidate_id': {'type': 'string', 'pattern': '^[a-zA-Z0-9][a-zA-Z0-9_.:-]{0,127}$'}, 'approval_id': {'type': 'string', 'pattern': '^[a-zA-Z0-9][a-zA-Z0-9_.:-]{0,127}$'}, 'target_environment': {'type': 'string', 'minLength': 1, 'maxLength': 100000}}, 'required': ['candidate_id', 'approval_id', 'target_environment']}}}}}}, '/v1/capabilities': {'get': {'operationId': 'getCapabilities', 'summary': 'Get observed host capability report', 'security': [{'clientSession': []}, {'workerSession': []}], 'parameters': [], 'responses': {'200': {'description': 'Successful operation within stated scope', 'content': {'application/json': {'schema': {'$ref': 'domain.schema.json#/$defs/CapabilityReport'}}}}, '400': {'description': 'Invalid input', 'content': {'application/json': {'schema': {'$ref': '#/components/schemas/Error'}}}}, '401': {'description': 'Authentication required', 'content': {'application/json': {'schema': {'$ref': '#/components/schemas/Error'}}}}, '403': {'description': 'Insufficient scope', 'content': {'application/json': {'schema': {'$ref': '#/components/schemas/Error'}}}}, '409': {'description': 'Version or idempotency conflict', 'content': {'application/json': {'schema': {'$ref': '#/components/schemas/Error'}}}}, '503': {'description': 'Unavailable capability', 'content': {'application/json': {'schema': {'$ref': '#/components/schemas/Error'}}}}, '404': {'description': 'Resource not found in actor scope', 'content': {'application/json': {'schema': {'$ref': '#/components/schemas/Error'}}}}, '413': {'description': 'Payload limit', 'content': {'application/json': {'schema': {'$ref': '#/components/schemas/Error'}}}}, '429': {'description': 'Rate limit', 'content': {'application/json': {'schema': {'$ref': '#/components/schemas/Error'}}}}, '422': {'description': 'Valid JSON with invalid domain schema or semantic input', 'content': {'application/json': {'schema': {'$ref': '#/components/schemas/Error'}}}}}}}, '/v1/runs/{run_id}/events': {'get': {'operationId': 'streamEvents', 'summary': 'SSE with resumable per-run monotonic sequence', 'security': [{'clientSession': []}, {'workerSession': []}], 'parameters': [{'name': 'run_id', 'in': 'path', 'required': True, 'schema': {'type': 'string'}}, {'name': 'Last-Event-ID', 'in': 'header', 'schema': {'type': 'string'}}], 'responses': {'200': {'description': 'Scoped event stream', 'content': {'text/event-stream': {'schema': {'type': 'string'}}}}, '409': {'description': 'Version or idempotency conflict', 'content': {'application/json': {'schema': {'$ref': '#/components/schemas/Error'}}}}, '401': {'description': 'Authentication required', 'content': {'application/json': {'schema': {'$ref': '#/components/schemas/Error'}}}}, '400': {'description': 'Invalid input', 'content': {'application/json': {'schema': {'$ref': '#/components/schemas/Error'}}}}, '403': {'description': 'Insufficient scope', 'content': {'application/json': {'schema': {'$ref': '#/components/schemas/Error'}}}}, '404': {'description': 'Resource not found in actor scope', 'content': {'application/json': {'schema': {'$ref': '#/components/schemas/Error'}}}}, '413': {'description': 'Payload limit', 'content': {'application/json': {'schema': {'$ref': '#/components/schemas/Error'}}}}, '429': {'description': 'Rate limit', 'content': {'application/json': {'schema': {'$ref': '#/components/schemas/Error'}}}}, '503': {'description': 'Unavailable capability', 'content': {'application/json': {'schema': {'$ref': '#/components/schemas/Error'}}}}, '422': {'description': 'Valid JSON with invalid domain schema or semantic input', 'content': {'application/json': {'schema': {'$ref': '#/components/schemas/Error'}}}}}}}, '/v1/approvals': {'get': {'operationId': 'listPendingApprovals', 'summary': 'listPendingApprovals', 'security': [{'clientSession': []}], 'parameters': [{'name': 'cursor', 'in': 'query', 'schema': {'type': 'string'}}, {'name': 'limit', 'in': 'query', 'schema': {'type': 'integer', 'minimum': 1, 'maximum': 100, 'default': 25}}], 'responses': {'200': {'description': 'Successful operation within stated scope', 'content': {'application/json': {'schema': {'type': 'object', 'additionalProperties': False, 'properties': {'items': {'type': 'array', 'items': {'$ref': 'domain.schema.json#/$defs/ApprovalRequest'}}, 'next_cursor': {'anyOf': [{'type': 'string'}, {'type': 'null'}]}}, 'required': ['items', 'next_cursor']}}}}, '400': {'description': 'Invalid input', 'content': {'application/json': {'schema': {'$ref': '#/components/schemas/Error'}}}}, '401': {'description': 'Authentication required', 'content': {'application/json': {'schema': {'$ref': '#/components/schemas/Error'}}}}, '403': {'description': 'Insufficient scope', 'content': {'application/json': {'schema': {'$ref': '#/components/schemas/Error'}}}}, '404': {'description': 'Resource not found in actor scope', 'content': {'application/json': {'schema': {'$ref': '#/components/schemas/Error'}}}}, '409': {'description': 'Version or idempotency conflict', 'content': {'application/json': {'schema': {'$ref': '#/components/schemas/Error'}}}}, '413': {'description': 'Payload limit', 'content': {'application/json': {'schema': {'$ref': '#/components/schemas/Error'}}}}, '429': {'description': 'Rate limit', 'content': {'application/json': {'schema': {'$ref': '#/components/schemas/Error'}}}}, '503': {'description': 'Unavailable capability', 'content': {'application/json': {'schema': {'$ref': '#/components/schemas/Error'}}}}, '422': {'description': 'Valid JSON with invalid domain schema or semantic input', 'content': {'application/json': {'schema': {'$ref': '#/components/schemas/Error'}}}}}}}, '/v1/releases/{deployment_id}': {'get': {'operationId': 'getRelease', 'summary': 'getRelease', 'security': [{'clientSession': []}], 'parameters': [{'name': 'deployment_id', 'in': 'path', 'required': True, 'schema': {'type': 'string', 'pattern': '^[a-zA-Z0-9][a-zA-Z0-9_.:-]{0,127}$'}}], 'responses': {'200': {'description': 'Successful operation within stated scope', 'content': {'application/json': {'schema': {'$ref': 'domain.schema.json#/$defs/Deployment'}}}}, '400': {'description': 'Invalid input', 'content': {'application/json': {'schema': {'$ref': '#/components/schemas/Error'}}}}, '401': {'description': 'Authentication required', 'content': {'application/json': {'schema': {'$ref': '#/components/schemas/Error'}}}}, '403': {'description': 'Insufficient scope', 'content': {'application/json': {'schema': {'$ref': '#/components/schemas/Error'}}}}, '404': {'description': 'Resource not found in actor scope', 'content': {'application/json': {'schema': {'$ref': '#/components/schemas/Error'}}}}, '409': {'description': 'Version or idempotency conflict', 'content': {'application/json': {'schema': {'$ref': '#/components/schemas/Error'}}}}, '413': {'description': 'Payload limit', 'content': {'application/json': {'schema': {'$ref': '#/components/schemas/Error'}}}}, '429': {'description': 'Rate limit', 'content': {'application/json': {'schema': {'$ref': '#/components/schemas/Error'}}}}, '503': {'description': 'Unavailable capability', 'content': {'application/json': {'schema': {'$ref': '#/components/schemas/Error'}}}}, '422': {'description': 'Valid JSON with invalid domain schema or semantic input', 'content': {'application/json': {'schema': {'$ref': '#/components/schemas/Error'}}}}}}}, '/v1/releases/{deployment_id}/rollback': {'post': {'operationId': 'requestRollback', 'summary': 'requestRollback', 'security': [{'clientSession': []}], 'parameters': [{'name': 'deployment_id', 'in': 'path', 'required': True, 'schema': {'type': 'string', 'pattern': '^[a-zA-Z0-9][a-zA-Z0-9_.:-]{0,127}$'}}, {'name': 'Idempotency-Key', 'in': 'header', 'required': True, 'schema': {'type': 'string', 'pattern': '^[a-zA-Z0-9][a-zA-Z0-9_.:-]{0,127}$'}}, {'name': 'X-CSRF-Token', 'in': 'header', 'required': False, 'schema': {'type': 'string'}, 'description': 'Required for cookie-authenticated mutations; server rejects missing/invalid token. Worker bearer authentication is separately scoped.'}], 'responses': {'202': {'description': 'Successful operation within stated scope', 'content': {'application/json': {'schema': {'$ref': 'domain.schema.json#/$defs/Deployment'}}}}, '400': {'description': 'Invalid input', 'content': {'application/json': {'schema': {'$ref': '#/components/schemas/Error'}}}}, '401': {'description': 'Authentication required', 'content': {'application/json': {'schema': {'$ref': '#/components/schemas/Error'}}}}, '403': {'description': 'Insufficient scope', 'content': {'application/json': {'schema': {'$ref': '#/components/schemas/Error'}}}}, '404': {'description': 'Resource not found in actor scope', 'content': {'application/json': {'schema': {'$ref': '#/components/schemas/Error'}}}}, '409': {'description': 'Version or idempotency conflict', 'content': {'application/json': {'schema': {'$ref': '#/components/schemas/Error'}}}}, '413': {'description': 'Payload limit', 'content': {'application/json': {'schema': {'$ref': '#/components/schemas/Error'}}}}, '429': {'description': 'Rate limit', 'content': {'application/json': {'schema': {'$ref': '#/components/schemas/Error'}}}}, '503': {'description': 'Unavailable capability', 'content': {'application/json': {'schema': {'$ref': '#/components/schemas/Error'}}}}, '422': {'description': 'Valid JSON with invalid domain schema or semantic input', 'content': {'application/json': {'schema': {'$ref': '#/components/schemas/Error'}}}}}, 'requestBody': {'required': True, 'content': {'application/json': {'schema': {'type': 'object', 'additionalProperties': False, 'properties': {'approval_id': {'type': 'string', 'pattern': '^[a-zA-Z0-9][a-zA-Z0-9_.:-]{0,127}$'}}, 'required': ['approval_id']}}}}}}, '/v1/session/bootstrap': {'post': {'operationId': 'bootstrapSession', 'summary': 'Consume local launcher token; bind loopback Origin/Host and issue short-lived client cookie', 'security': [], 'parameters': [{'name': 'Idempotency-Key', 'in': 'header', 'required': True, 'schema': {'type': 'string', 'pattern': '^[a-zA-Z0-9][a-zA-Z0-9_.:-]{0,127}$'}}], 'responses': {'200': {'description': 'Successful operation within stated scope', 'content': {'application/json': {'schema': {'type': 'object', 'additionalProperties': False, 'properties': {'expires_at': {'type': 'string', 'format': 'date-time'}, 'csrf_token': {'type': 'string'}}, 'required': ['expires_at', 'csrf_token']}}}}, '400': {'description': 'Invalid input', 'content': {'application/json': {'schema': {'$ref': '#/components/schemas/Error'}}}}, '401': {'description': 'Authentication required', 'content': {'application/json': {'schema': {'$ref': '#/components/schemas/Error'}}}}, '403': {'description': 'Insufficient scope', 'content': {'application/json': {'schema': {'$ref': '#/components/schemas/Error'}}}}, '404': {'description': 'Resource not found in actor scope', 'content': {'application/json': {'schema': {'$ref': '#/components/schemas/Error'}}}}, '409': {'description': 'Version or idempotency conflict', 'content': {'application/json': {'schema': {'$ref': '#/components/schemas/Error'}}}}, '413': {'description': 'Payload limit', 'content': {'application/json': {'schema': {'$ref': '#/components/schemas/Error'}}}}, '429': {'description': 'Rate limit', 'content': {'application/json': {'schema': {'$ref': '#/components/schemas/Error'}}}}, '503': {'description': 'Unavailable capability', 'content': {'application/json': {'schema': {'$ref': '#/components/schemas/Error'}}}}, '422': {'description': 'Valid JSON with invalid domain schema or semantic input', 'content': {'application/json': {'schema': {'$ref': '#/components/schemas/Error'}}}}}, 'requestBody': {'required': True, 'content': {'application/json': {'schema': {'type': 'object', 'additionalProperties': False, 'properties': {'one_time_bootstrap_token': {'type': 'string', 'minLength': 32, 'maxLength': 512}}, 'required': ['one_time_bootstrap_token']}}}}}}, '/v1/session/logout': {'post': {'operationId': 'logoutSession', 'summary': 'logoutSession', 'security': [{'clientSession': []}], 'parameters': [{'name': 'Idempotency-Key', 'in': 'header', 'required': True, 'schema': {'type': 'string', 'pattern': '^[a-zA-Z0-9][a-zA-Z0-9_.:-]{0,127}$'}}, {'name': 'X-CSRF-Token', 'in': 'header', 'required': False, 'schema': {'type': 'string'}, 'description': 'Required for cookie-authenticated mutations; server rejects missing/invalid token. Worker bearer authentication is separately scoped.'}], 'responses': {'200': {'description': 'Successful operation within stated scope', 'content': {'application/json': {'schema': {'type': 'object', 'additionalProperties': False, 'properties': {'logged_out': {'const': True}}, 'required': ['logged_out']}}}}, '400': {'description': 'Invalid input', 'content': {'application/json': {'schema': {'$ref': '#/components/schemas/Error'}}}}, '401': {'description': 'Authentication required', 'content': {'application/json': {'schema': {'$ref': '#/components/schemas/Error'}}}}, '403': {'description': 'Insufficient scope', 'content': {'application/json': {'schema': {'$ref': '#/components/schemas/Error'}}}}, '404': {'description': 'Resource not found in actor scope', 'content': {'application/json': {'schema': {'$ref': '#/components/schemas/Error'}}}}, '409': {'description': 'Version or idempotency conflict', 'content': {'application/json': {'schema': {'$ref': '#/components/schemas/Error'}}}}, '413': {'description': 'Payload limit', 'content': {'application/json': {'schema': {'$ref': '#/components/schemas/Error'}}}}, '429': {'description': 'Rate limit', 'content': {'application/json': {'schema': {'$ref': '#/components/schemas/Error'}}}}, '503': {'description': 'Unavailable capability', 'content': {'application/json': {'schema': {'$ref': '#/components/schemas/Error'}}}}, '422': {'description': 'Valid JSON with invalid domain schema or semantic input', 'content': {'application/json': {'schema': {'$ref': '#/components/schemas/Error'}}}}}, 'requestBody': {'required': True, 'content': {'application/json': {'schema': {'type': 'object', 'additionalProperties': False, 'properties': {}, 'required': []}}}}}}, '/v1/projects/{project_id}/attachments': {'post': {'operationId': 'uploadReference', 'summary': 'Authenticated image (10MiB) or UTF-8 plain/Markdown/JSON text (1MiB) upload; inert preview and isolated decoding', 'security': [{'clientSession': []}], 'parameters': [{'name': 'project_id', 'in': 'path', 'required': True, 'schema': {'type': 'string', 'pattern': '^[a-zA-Z0-9][a-zA-Z0-9_.:-]{0,127}$'}}, {'name': 'Idempotency-Key', 'in': 'header', 'required': True, 'schema': {'type': 'string', 'pattern': '^[a-zA-Z0-9][a-zA-Z0-9_.:-]{0,127}$'}}, {'name': 'X-CSRF-Token', 'in': 'header', 'required': False, 'schema': {'type': 'string'}, 'description': 'Required for cookie-authenticated mutations; server rejects missing/invalid token. Worker bearer authentication is separately scoped.'}], 'responses': {'201': {'description': 'Successful operation within stated scope', 'content': {'application/json': {'schema': {'$ref': 'domain.schema.json#/$defs/Attachment'}}}}, '400': {'description': 'Invalid input', 'content': {'application/json': {'schema': {'$ref': '#/components/schemas/Error'}}}}, '401': {'description': 'Authentication required', 'content': {'application/json': {'schema': {'$ref': '#/components/schemas/Error'}}}}, '403': {'description': 'Insufficient scope', 'content': {'application/json': {'schema': {'$ref': '#/components/schemas/Error'}}}}, '404': {'description': 'Resource not found in actor scope', 'content': {'application/json': {'schema': {'$ref': '#/components/schemas/Error'}}}}, '409': {'description': 'Version or idempotency conflict', 'content': {'application/json': {'schema': {'$ref': '#/components/schemas/Error'}}}}, '413': {'description': 'Payload limit', 'content': {'application/json': {'schema': {'$ref': '#/components/schemas/Error'}}}}, '429': {'description': 'Rate limit', 'content': {'application/json': {'schema': {'$ref': '#/components/schemas/Error'}}}}, '503': {'description': 'Unavailable capability', 'content': {'application/json': {'schema': {'$ref': '#/components/schemas/Error'}}}}, '422': {'description': 'Valid JSON with invalid domain schema or semantic input', 'content': {'application/json': {'schema': {'$ref': '#/components/schemas/Error'}}}}}, 'requestBody': {'required': True, 'content': {'multipart/form-data': {'schema': {'type': 'object', 'additionalProperties': False, 'properties': {'file': {'type': 'string', 'format': 'binary'}, 'privacy_class': {'type': 'string', 'enum': ['public', 'internal', 'confidential', 'restricted']}}, 'required': ['file', 'privacy_class']}}}}}}, '/v1/attachments/{attachment_id}': {'get': {'operationId': 'readAttachmentMetadata', 'summary': 'readAttachmentMetadata', 'security': [{'clientSession': []}, {'workerSession': []}], 'parameters': [{'name': 'attachment_id', 'in': 'path', 'required': True, 'schema': {'type': 'string', 'pattern': '^[a-zA-Z0-9][a-zA-Z0-9_.:-]{0,127}$'}}], 'responses': {'200': {'description': 'Successful operation within stated scope', 'content': {'application/json': {'schema': {'$ref': 'domain.schema.json#/$defs/Attachment'}}}}, '400': {'description': 'Invalid input', 'content': {'application/json': {'schema': {'$ref': '#/components/schemas/Error'}}}}, '401': {'description': 'Authentication required', 'content': {'application/json': {'schema': {'$ref': '#/components/schemas/Error'}}}}, '403': {'description': 'Insufficient scope', 'content': {'application/json': {'schema': {'$ref': '#/components/schemas/Error'}}}}, '404': {'description': 'Resource not found in actor scope', 'content': {'application/json': {'schema': {'$ref': '#/components/schemas/Error'}}}}, '409': {'description': 'Version or idempotency conflict', 'content': {'application/json': {'schema': {'$ref': '#/components/schemas/Error'}}}}, '413': {'description': 'Payload limit', 'content': {'application/json': {'schema': {'$ref': '#/components/schemas/Error'}}}}, '429': {'description': 'Rate limit', 'content': {'application/json': {'schema': {'$ref': '#/components/schemas/Error'}}}}, '503': {'description': 'Unavailable capability', 'content': {'application/json': {'schema': {'$ref': '#/components/schemas/Error'}}}}, '422': {'description': 'Valid JSON with invalid domain schema or semantic input', 'content': {'application/json': {'schema': {'$ref': '#/components/schemas/Error'}}}}}}}, '/v1/candidates/{candidate_id}/preview': {'get': {'operationId': 'getVerifiedPreview', 'summary': 'Return authorized expiring preview on a separate isolated origin; never host candidate JavaScript on controller origin', 'security': [{'clientSession': []}], 'parameters': [{'name': 'candidate_id', 'in': 'path', 'required': True, 'schema': {'type': 'string', 'pattern': '^[a-zA-Z0-9][a-zA-Z0-9_.:-]{0,127}$'}}], 'responses': {'200': {'description': 'Successful operation within stated scope', 'content': {'application/json': {'schema': {'type': 'object', 'additionalProperties': False, 'properties': {'candidate_id': {'type': 'string', 'pattern': '^[a-zA-Z0-9][a-zA-Z0-9_.:-]{0,127}$'}, 'artifact_digest': {'type': 'string', 'pattern': '^sha256:[a-f0-9]{64}$'}, 'preview_url': {'type': 'string', 'format': 'uri'}, 'expires_at': {'type': 'string', 'format': 'date-time'}}, 'required': ['candidate_id', 'artifact_digest', 'preview_url', 'expires_at']}}}}, '400': {'description': 'Invalid input', 'content': {'application/json': {'schema': {'$ref': '#/components/schemas/Error'}}}}, '401': {'description': 'Authentication required', 'content': {'application/json': {'schema': {'$ref': '#/components/schemas/Error'}}}}, '403': {'description': 'Insufficient scope', 'content': {'application/json': {'schema': {'$ref': '#/components/schemas/Error'}}}}, '404': {'description': 'Resource not found in actor scope', 'content': {'application/json': {'schema': {'$ref': '#/components/schemas/Error'}}}}, '409': {'description': 'Version or idempotency conflict', 'content': {'application/json': {'schema': {'$ref': '#/components/schemas/Error'}}}}, '413': {'description': 'Payload limit', 'content': {'application/json': {'schema': {'$ref': '#/components/schemas/Error'}}}}, '429': {'description': 'Rate limit', 'content': {'application/json': {'schema': {'$ref': '#/components/schemas/Error'}}}}, '503': {'description': 'Unavailable capability', 'content': {'application/json': {'schema': {'$ref': '#/components/schemas/Error'}}}}, '422': {'description': 'Valid JSON with invalid domain schema or semantic input', 'content': {'application/json': {'schema': {'$ref': '#/components/schemas/Error'}}}}}}}, '/v1/runs/{run_id}/questions': {'get': {'operationId': 'listClientQuestions', 'summary': 'Read current material question; drafting is a controller-internal action', 'security': [{'clientSession': []}], 'parameters': [{'name': 'run_id', 'in': 'path', 'required': True, 'schema': {'type': 'string', 'pattern': '^[a-zA-Z0-9][a-zA-Z0-9_.:-]{0,127}$'}}], 'responses': {'200': {'description': 'Persisted result; not a readiness or release grant', 'content': {'application/json': {'schema': {'type': 'array', 'items': {'$ref': 'domain.schema.json#/$defs/ClientQuestion'}}}}}, '400': {'description': 'Malformed input', 'content': {'application/json': {'schema': {'$ref': '#/components/schemas/Error'}}}}, '401': {'description': 'Unauthenticated', 'content': {'application/json': {'schema': {'$ref': '#/components/schemas/Error'}}}}, '403': {'description': 'Forbidden actor', 'content': {'application/json': {'schema': {'$ref': '#/components/schemas/Error'}}}}, '404': {'description': 'Resource outside scope or missing', 'content': {'application/json': {'schema': {'$ref': '#/components/schemas/Error'}}}}, '409': {'description': 'Stale version, superseded question, or different idempotent payload', 'content': {'application/json': {'schema': {'$ref': '#/components/schemas/Error'}}}}, '413': {'description': 'Payload too large', 'content': {'application/json': {'schema': {'$ref': '#/components/schemas/Error'}}}}, '422': {'description': 'Invalid schema or semantic input', 'content': {'application/json': {'schema': {'$ref': '#/components/schemas/Error'}}}}, '429': {'description': 'Rate limited', 'content': {'application/json': {'schema': {'$ref': '#/components/schemas/Error'}}}}, '503': {'description': 'Service unavailable', 'content': {'application/json': {'schema': {'$ref': '#/components/schemas/Error'}}}}}}}, '/v1/questions/{question_id}/answer': {'post': {'operationId': 'answerClientQuestion', 'summary': 'Record authenticated answer with question If-Match; never grant spending or deployment', 'security': [{'clientSession': []}], 'parameters': [{'name': 'question_id', 'in': 'path', 'required': True, 'schema': {'type': 'string', 'pattern': '^[a-zA-Z0-9][a-zA-Z0-9_.:-]{0,127}$'}}, {'name': 'Idempotency-Key', 'in': 'header', 'required': True, 'schema': {'type': 'string', 'pattern': '^[a-zA-Z0-9][a-zA-Z0-9_.:-]{0,127}$'}}, {'name': 'If-Match', 'in': 'header', 'required': True, 'schema': {'type': 'string'}}, {'name': 'X-CSRF-Token', 'in': 'header', 'required': True, 'schema': {'type': 'string'}}], 'responses': {'201': {'description': 'Persisted result; not a readiness or release grant', 'content': {'application/json': {'schema': {'$ref': 'domain.schema.json#/$defs/ClientAnswer'}}}}, '400': {'description': 'Malformed input', 'content': {'application/json': {'schema': {'$ref': '#/components/schemas/Error'}}}}, '401': {'description': 'Unauthenticated', 'content': {'application/json': {'schema': {'$ref': '#/components/schemas/Error'}}}}, '403': {'description': 'Forbidden actor', 'content': {'application/json': {'schema': {'$ref': '#/components/schemas/Error'}}}}, '404': {'description': 'Resource outside scope or missing', 'content': {'application/json': {'schema': {'$ref': '#/components/schemas/Error'}}}}, '409': {'description': 'Stale version, superseded question, or different idempotent payload', 'content': {'application/json': {'schema': {'$ref': '#/components/schemas/Error'}}}}, '413': {'description': 'Payload too large', 'content': {'application/json': {'schema': {'$ref': '#/components/schemas/Error'}}}}, '422': {'description': 'Invalid schema or semantic input', 'content': {'application/json': {'schema': {'$ref': '#/components/schemas/Error'}}}}, '429': {'description': 'Rate limited', 'content': {'application/json': {'schema': {'$ref': '#/components/schemas/Error'}}}}, '503': {'description': 'Service unavailable', 'content': {'application/json': {'schema': {'$ref': '#/components/schemas/Error'}}}}}, 'requestBody': {'required': True, 'content': {'application/json': {'schema': {'type': 'object', 'additionalProperties': False, 'properties': {'message': {'type': 'string', 'minLength': 1, 'maxLength': 100000}, 'attachment_ids': {'type': 'array', 'items': {'type': 'string', 'pattern': '^[a-zA-Z0-9][a-zA-Z0-9_.:-]{0,127}$'}, 'maxItems': 5}}, 'required': ['message', 'attachment_ids']}}}}}}, '/v1/runs/{run_id}/messages': {'post': {'operationId': 'submitRunMessage', 'summary': 'Accept new instructions before or after a candidate; run If-Match fences affected work', 'security': [{'clientSession': []}], 'parameters': [{'name': 'run_id', 'in': 'path', 'required': True, 'schema': {'type': 'string', 'pattern': '^[a-zA-Z0-9][a-zA-Z0-9_.:-]{0,127}$'}}, {'name': 'Idempotency-Key', 'in': 'header', 'required': True, 'schema': {'type': 'string', 'pattern': '^[a-zA-Z0-9][a-zA-Z0-9_.:-]{0,127}$'}}, {'name': 'If-Match', 'in': 'header', 'required': True, 'schema': {'type': 'string'}}, {'name': 'X-CSRF-Token', 'in': 'header', 'required': True, 'schema': {'type': 'string'}}], 'responses': {'201': {'description': 'Persisted result; not a readiness or release grant', 'content': {'application/json': {'schema': {'$ref': 'domain.schema.json#/$defs/RunMessage'}}}}, '400': {'description': 'Malformed input', 'content': {'application/json': {'schema': {'$ref': '#/components/schemas/Error'}}}}, '401': {'description': 'Unauthenticated', 'content': {'application/json': {'schema': {'$ref': '#/components/schemas/Error'}}}}, '403': {'description': 'Forbidden actor', 'content': {'application/json': {'schema': {'$ref': '#/components/schemas/Error'}}}}, '404': {'description': 'Resource outside scope or missing', 'content': {'application/json': {'schema': {'$ref': '#/components/schemas/Error'}}}}, '409': {'description': 'Stale version, superseded question, or different idempotent payload', 'content': {'application/json': {'schema': {'$ref': '#/components/schemas/Error'}}}}, '413': {'description': 'Payload too large', 'content': {'application/json': {'schema': {'$ref': '#/components/schemas/Error'}}}}, '422': {'description': 'Invalid schema or semantic input', 'content': {'application/json': {'schema': {'$ref': '#/components/schemas/Error'}}}}, '429': {'description': 'Rate limited', 'content': {'application/json': {'schema': {'$ref': '#/components/schemas/Error'}}}}, '503': {'description': 'Service unavailable', 'content': {'application/json': {'schema': {'$ref': '#/components/schemas/Error'}}}}}, 'requestBody': {'required': True, 'content': {'application/json': {'schema': {'type': 'object', 'additionalProperties': False, 'properties': {'message': {'type': 'string', 'minLength': 1, 'maxLength': 100000}, 'language_hint': {'type': 'string', 'enum': ['en', 'fil', 'mixed', 'unknown']}, 'attachment_ids': {'type': 'array', 'maxItems': 5, 'items': {'type': 'string', 'pattern': '^[a-zA-Z0-9][a-zA-Z0-9_.:-]{0,127}$'}}, 'privacy_class': {'type': 'string', 'enum': ['public', 'internal', 'confidential', 'restricted']}}, 'required': ['message', 'language_hint', 'attachment_ids', 'privacy_class']}}}}}}}

======================================================================
FAIL: test_version_download_is_separate_from_metadata (test_document_contracts.DocumentAPI.test_version_download_is_separate_from_metadata)
----------------------------------------------------------------------
Traceback (most recent call last):
  File "/mnt/data/client-mode-engineering-handoff-v1.3/tests/test_document_contracts.py", line 82, in test_version_download_is_separate_from_metadata
    def test_version_download_is_separate_from_metadata(self):self.assertIn('/v1/document-results/{result_id}/artifacts/{artifact_id}',self.api['paths'])
                                                              ~~~~~~~~~~~~~^^^^^^^^^^^^^^^^^^^^^^^^^^^^^^^^^^^^^^^^^^^^^^^^^^^^^^^^^^^^^^^^^^^^^^^^^^^^^^
AssertionError: '/v1/document-results/{result_id}/artifacts/{artifact_id}' not found in {'/v1/projects': {'post': {'operationId': 'registerProject', 'summary': 'Authorize and register a selected project root', 'security': [{'clientSession': []}], 'parameters': [{'name': 'Idempotency-Key', 'in': 'header', 'required': True, 'schema': {'type': 'string', 'minLength': 1}}, {'name': 'X-CSRF-Token', 'in': 'header', 'required': False, 'schema': {'type': 'string'}, 'description': 'Required for cookie-authenticated mutations; server rejects missing/invalid token. Worker bearer authentication is separately scoped.'}], 'responses': {'201': {'description': 'Successful operation within stated scope', 'content': {'application/json': {'schema': {'$ref': 'domain.schema.json#/$defs/Project'}}}}, '400': {'description': 'Invalid input', 'content': {'application/json': {'schema': {'$ref': '#/components/schemas/Error'}}}}, '401': {'description': 'Authentication required', 'content': {'application/json': {'schema': {'$ref': '#/components/schemas/Error'}}}}, '403': {'description': 'Insufficient scope', 'content': {'application/json': {'schema': {'$ref': '#/components/schemas/Error'}}}}, '409': {'description': 'Version or idempotency conflict', 'content': {'application/json': {'schema': {'$ref': '#/components/schemas/Error'}}}}, '503': {'description': 'Unavailable capability', 'content': {'application/json': {'schema': {'$ref': '#/components/schemas/Error'}}}}, '404': {'description': 'Resource not found in actor scope', 'content': {'application/json': {'schema': {'$ref': '#/components/schemas/Error'}}}}, '413': {'description': 'Payload limit', 'content': {'application/json': {'schema': {'$ref': '#/components/schemas/Error'}}}}, '429': {'description': 'Rate limit', 'content': {'application/json': {'schema': {'$ref': '#/components/schemas/Error'}}}}, '422': {'description': 'Valid JSON with invalid domain schema or semantic input', 'content': {'application/json': {'schema': {'$ref': '#/components/schemas/Error'}}}}}, 'requestBody': {'required': True, 'content': {'application/json': {'schema': {'type': 'object', 'additionalProperties': False, 'properties': {'selected_root_token': {'type': 'string', 'pattern': '^[a-zA-Z0-9][a-zA-Z0-9_.:-]{0,127}$'}, 'profile_id': {'type': 'string', 'pattern': '^[a-zA-Z0-9][a-zA-Z0-9_.:-]{0,127}$'}}, 'required': ['selected_root_token', 'profile_id']}}}}}, 'get': {'operationId': 'listProjects', 'summary': 'listProjects', 'security': [{'clientSession': []}], 'parameters': [{'name': 'cursor', 'in': 'query', 'schema': {'type': 'string'}}, {'name': 'limit', 'in': 'query', 'schema': {'type': 'integer', 'minimum': 1, 'maximum': 100, 'default': 25}}], 'responses': {'200': {'description': 'Successful operation within stated scope', 'content': {'application/json': {'schema': {'type': 'object', 'additionalProperties': False, 'properties': {'items': {'type': 'array', 'items': {'$ref': 'domain.schema.json#/$defs/Project'}}, 'next_cursor': {'anyOf': [{'type': 'string'}, {'type': 'null'}]}}, 'required': ['items', 'next_cursor']}}}}, '400': {'description': 'Invalid input', 'content': {'application/json': {'schema': {'$ref': '#/components/schemas/Error'}}}}, '401': {'description': 'Authentication required', 'content': {'application/json': {'schema': {'$ref': '#/components/schemas/Error'}}}}, '403': {'description': 'Insufficient scope', 'content': {'application/json': {'schema': {'$ref': '#/components/schemas/Error'}}}}, '404': {'description': 'Resource not found in actor scope', 'content': {'application/json': {'schema': {'$ref': '#/components/schemas/Error'}}}}, '409': {'description': 'Version or idempotency conflict', 'content': {'application/json': {'schema': {'$ref': '#/components/schemas/Error'}}}}, '413': {'description': 'Payload limit', 'content': {'application/json': {'schema': {'$ref': '#/components/schemas/Error'}}}}, '429': {'description': 'Rate limit', 'content': {'application/json': {'schema': {'$ref': '#/components/schemas/Error'}}}}, '503': {'description': 'Unavailable capability', 'content': {'application/json': {'schema': {'$ref': '#/components/schemas/Error'}}}}, '422': {'description': 'Valid JSON with invalid domain schema or semantic input', 'content': {'application/json': {'schema': {'$ref': '#/components/schemas/Error'}}}}}}}, '/v1/projects/{project_id}': {'get': {'operationId': 'getProject', 'summary': 'Read scoped project metadata', 'security': [{'clientSession': []}, {'workerSession': []}], 'parameters': [{'name': 'project_id', 'in': 'path', 'required': True, 'schema': {'type': 'string'}}], 'responses': {'200': {'description': 'Successful operation within stated scope', 'content': {'application/json': {'schema': {'$ref': 'domain.schema.json#/$defs/Project'}}}}, '400': {'description': 'Invalid input', 'content': {'application/json': {'schema': {'$ref': '#/components/schemas/Error'}}}}, '401': {'description': 'Authentication required', 'content': {'application/json': {'schema': {'$ref': '#/components/schemas/Error'}}}}, '403': {'description': 'Insufficient scope', 'content': {'application/json': {'schema': {'$ref': '#/components/schemas/Error'}}}}, '409': {'description': 'Version or idempotency conflict', 'content': {'application/json': {'schema': {'$ref': '#/components/schemas/Error'}}}}, '503': {'description': 'Unavailable capability', 'content': {'application/json': {'schema': {'$ref': '#/components/schemas/Error'}}}}, '404': {'description': 'Resource not found in actor scope', 'content': {'application/json': {'schema': {'$ref': '#/components/schemas/Error'}}}}, '413': {'description': 'Payload limit', 'content': {'application/json': {'schema': {'$ref': '#/components/schemas/Error'}}}}, '429': {'description': 'Rate limit', 'content': {'application/json': {'schema': {'$ref': '#/components/schemas/Error'}}}}, '422': {'description': 'Valid JSON with invalid domain schema or semantic input', 'content': {'application/json': {'schema': {'$ref': '#/components/schemas/Error'}}}}}}}, '/v1/projects/{project_id}/runs': {'post': {'operationId': 'createRun', 'summary': 'Create run from client request', 'security': [{'clientSession': []}], 'parameters': [{'name': 'project_id', 'in': 'path', 'required': True, 'schema': {'type': 'string'}}, {'name': 'Idempotency-Key', 'in': 'header', 'required': True, 'schema': {'type': 'string', 'minLength': 1}}, {'name': 'X-CSRF-Token', 'in': 'header', 'required': False, 'schema': {'type': 'string'}, 'description': 'Required for cookie-authenticated mutations; server rejects missing/invalid token. Worker bearer authentication is separately scoped.'}], 'responses': {'201': {'description': 'Successful operation within stated scope', 'content': {'application/json': {'schema': {'$ref': 'domain.schema.json#/$defs/Run'}}}}, '400': {'description': 'Invalid input', 'content': {'application/json': {'schema': {'$ref': '#/components/schemas/Error'}}}}, '401': {'description': 'Authentication required', 'content': {'application/json': {'schema': {'$ref': '#/components/schemas/Error'}}}}, '403': {'description': 'Insufficient scope', 'content': {'application/json': {'schema': {'$ref': '#/components/schemas/Error'}}}}, '409': {'description': 'Version or idempotency conflict', 'content': {'application/json': {'schema': {'$ref': '#/components/schemas/Error'}}}}, '503': {'description': 'Unavailable capability', 'content': {'application/json': {'schema': {'$ref': '#/components/schemas/Error'}}}}, '404': {'description': 'Resource not found in actor scope', 'content': {'application/json': {'schema': {'$ref': '#/components/schemas/Error'}}}}, '413': {'description': 'Payload limit', 'content': {'application/json': {'schema': {'$ref': '#/components/schemas/Error'}}}}, '429': {'description': 'Rate limit', 'content': {'application/json': {'schema': {'$ref': '#/components/schemas/Error'}}}}, '422': {'description': 'Valid JSON with invalid domain schema or semantic input', 'content': {'application/json': {'schema': {'$ref': '#/components/schemas/Error'}}}}}, 'requestBody': {'required': True, 'content': {'application/json': {'schema': {'type': 'object', 'additionalProperties': False, 'properties': {'message': {'type': 'string', 'minLength': 1, 'maxLength': 100000}, 'language_hint': {'type': 'string', 'enum': ['en', 'fil', 'mixed', 'unknown']}, 'attachment_ids': {'type': 'array', 'maxItems': 5, 'items': {'type': 'string', 'pattern': '^[a-zA-Z0-9][a-zA-Z0-9_.:-]{0,127}$'}}, 'privacy_class': {'type': 'string', 'enum': ['public', 'internal', 'confidential', 'restricted']}}, 'required': ['message', 'language_hint', 'attachment_ids', 'privacy_class']}}}}}, 'get': {'operationId': 'listRuns', 'summary': 'listRuns', 'security': [{'clientSession': []}], 'parameters': [{'name': 'project_id', 'in': 'path', 'required': True, 'schema': {'type': 'string', 'pattern': '^[a-zA-Z0-9][a-zA-Z0-9_.:-]{0,127}$'}}, {'name': 'cursor', 'in': 'query', 'schema': {'type': 'string'}}, {'name': 'limit', 'in': 'query', 'schema': {'type': 'integer', 'minimum': 1, 'maximum': 100, 'default': 25}}], 'responses': {'200': {'description': 'Successful operation within stated scope', 'content': {'application/json': {'schema': {'type': 'object', 'additionalProperties': False, 'properties': {'items': {'type': 'array', 'items': {'$ref': 'domain.schema.json#/$defs/Run'}}, 'next_cursor': {'anyOf': [{'type': 'string'}, {'type': 'null'}]}}, 'required': ['items', 'next_cursor']}}}}, '400': {'description': 'Invalid input', 'content': {'application/json': {'schema': {'$ref': '#/components/schemas/Error'}}}}, '401': {'description': 'Authentication required', 'content': {'application/json': {'schema': {'$ref': '#/components/schemas/Error'}}}}, '403': {'description': 'Insufficient scope', 'content': {'application/json': {'schema': {'$ref': '#/components/schemas/Error'}}}}, '404': {'description': 'Resource not found in actor scope', 'content': {'application/json': {'schema': {'$ref': '#/components/schemas/Error'}}}}, '409': {'description': 'Version or idempotency conflict', 'content': {'application/json': {'schema': {'$ref': '#/components/schemas/Error'}}}}, '413': {'description': 'Payload limit', 'content': {'application/json': {'schema': {'$ref': '#/components/schemas/Error'}}}}, '429': {'description': 'Rate limit', 'content': {'application/json': {'schema': {'$ref': '#/components/schemas/Error'}}}}, '503': {'description': 'Unavailable capability', 'content': {'application/json': {'schema': {'$ref': '#/components/schemas/Error'}}}}, '422': {'description': 'Valid JSON with invalid domain schema or semantic input', 'content': {'application/json': {'schema': {'$ref': '#/components/schemas/Error'}}}}}}}, '/v1/runs/{run_id}': {'get': {'operationId': 'getRun', 'summary': 'Read current run state', 'security': [{'clientSession': []}, {'workerSession': []}], 'parameters': [{'name': 'run_id', 'in': 'path', 'required': True, 'schema': {'type': 'string'}}], 'responses': {'200': {'description': 'Successful operation within stated scope', 'content': {'application/json': {'schema': {'$ref': 'domain.schema.json#/$defs/Run'}}}}, '400': {'description': 'Invalid input', 'content': {'application/json': {'schema': {'$ref': '#/components/schemas/Error'}}}}, '401': {'description': 'Authentication required', 'content': {'application/json': {'schema': {'$ref': '#/components/schemas/Error'}}}}, '403': {'description': 'Insufficient scope', 'content': {'application/json': {'schema': {'$ref': '#/components/schemas/Error'}}}}, '409': {'description': 'Version or idempotency conflict', 'content': {'application/json': {'schema': {'$ref': '#/components/schemas/Error'}}}}, '503': {'description': 'Unavailable capability', 'content': {'application/json': {'schema': {'$ref': '#/components/schemas/Error'}}}}, '404': {'description': 'Resource not found in actor scope', 'content': {'application/json': {'schema': {'$ref': '#/components/schemas/Error'}}}}, '413': {'description': 'Payload limit', 'content': {'application/json': {'schema': {'$ref': '#/components/schemas/Error'}}}}, '429': {'description': 'Rate limit', 'content': {'application/json': {'schema': {'$ref': '#/components/schemas/Error'}}}}, '422': {'description': 'Valid JSON with invalid domain schema or semantic input', 'content': {'application/json': {'schema': {'$ref': '#/components/schemas/Error'}}}}}}}, '/v1/runs/{run_id}/pause': {'post': {'operationId': 'pauseRun', 'summary': 'Pause run with reconciliation', 'security': [{'clientSession': []}], 'parameters': [{'name': 'run_id', 'in': 'path', 'required': True, 'schema': {'type': 'string'}}, {'name': 'Idempotency-Key', 'in': 'header', 'required': True, 'schema': {'type': 'string', 'minLength': 1}}, {'name': 'If-Match', 'in': 'header', 'required': True, 'schema': {'type': 'string'}}, {'name': 'X-CSRF-Token', 'in': 'header', 'required': False, 'schema': {'type': 'string'}, 'description': 'Required for cookie-authenticated mutations; server rejects missing/invalid token. Worker bearer authentication is separately scoped.'}], 'responses': {'200': {'description': 'Successful operation within stated scope', 'content': {'application/json': {'schema': {'$ref': 'domain.schema.json#/$defs/Run'}}}}, '400': {'description': 'Invalid input', 'content': {'application/json': {'schema': {'$ref': '#/components/schemas/Error'}}}}, '401': {'description': 'Authentication required', 'content': {'application/json': {'schema': {'$ref': '#/components/schemas/Error'}}}}, '403': {'description': 'Insufficient scope', 'content': {'application/json': {'schema': {'$ref': '#/components/schemas/Error'}}}}, '409': {'description': 'Version or idempotency conflict', 'content': {'application/json': {'schema': {'$ref': '#/components/schemas/Error'}}}}, '503': {'description': 'Unavailable capability', 'content': {'application/json': {'schema': {'$ref': '#/components/schemas/Error'}}}}, '404': {'description': 'Resource not found in actor scope', 'content': {'application/json': {'schema': {'$ref': '#/components/schemas/Error'}}}}, '413': {'description': 'Payload limit', 'content': {'application/json': {'schema': {'$ref': '#/components/schemas/Error'}}}}, '429': {'description': 'Rate limit', 'content': {'application/json': {'schema': {'$ref': '#/components/schemas/Error'}}}}, '422': {'description': 'Valid JSON with invalid domain schema or semantic input', 'content': {'application/json': {'schema': {'$ref': '#/components/schemas/Error'}}}}}, 'requestBody': {'required': True, 'content': {'application/json': {'schema': {'type': 'object', 'additionalProperties': False, 'properties': {'reason': {'type': 'string', 'minLength': 1, 'maxLength': 100000}}, 'required': ['reason']}}}}}}, '/v1/runs/{run_id}/resume': {'post': {'operationId': 'resumeRun', 'summary': 'Resume run with reconciliation', 'security': [{'clientSession': []}], 'parameters': [{'name': 'run_id', 'in': 'path', 'required': True, 'schema': {'type': 'string'}}, {'name': 'Idempotency-Key', 'in': 'header', 'required': True, 'schema': {'type': 'string', 'minLength': 1}}, {'name': 'If-Match', 'in': 'header', 'required': True, 'schema': {'type': 'string'}}, {'name': 'X-CSRF-Token', 'in': 'header', 'required': False, 'schema': {'type': 'string'}, 'description': 'Required for cookie-authenticated mutations; server rejects missing/invalid token. Worker bearer authentication is separately scoped.'}], 'responses': {'200': {'description': 'Successful operation within stated scope', 'content': {'application/json': {'schema': {'$ref': 'domain.schema.json#/$defs/Run'}}}}, '400': {'description': 'Invalid input', 'content': {'application/json': {'schema': {'$ref': '#/components/schemas/Error'}}}}, '401': {'description': 'Authentication required', 'content': {'application/json': {'schema': {'$ref': '#/components/schemas/Error'}}}}, '403': {'description': 'Insufficient scope', 'content': {'application/json': {'schema': {'$ref': '#/components/schemas/Error'}}}}, '409': {'description': 'Version or idempotency conflict', 'content': {'application/json': {'schema': {'$ref': '#/components/schemas/Error'}}}}, '503': {'description': 'Unavailable capability', 'content': {'application/json': {'schema': {'$ref': '#/components/schemas/Error'}}}}, '404': {'description': 'Resource not found in actor scope', 'content': {'application/json': {'schema': {'$ref': '#/components/schemas/Error'}}}}, '413': {'description': 'Payload limit', 'content': {'application/json': {'schema': {'$ref': '#/components/schemas/Error'}}}}, '429': {'description': 'Rate limit', 'content': {'application/json': {'schema': {'$ref': '#/components/schemas/Error'}}}}, '422': {'description': 'Valid JSON with invalid domain schema or semantic input', 'content': {'application/json': {'schema': {'$ref': '#/components/schemas/Error'}}}}}, 'requestBody': {'required': True, 'content': {'application/json': {'schema': {'type': 'object', 'additionalProperties': False, 'properties': {'reason': {'type': 'string', 'minLength': 1, 'maxLength': 100000}}, 'required': ['reason']}}}}}}, '/v1/runs/{run_id}/cancel': {'post': {'operationId': 'cancelRun', 'summary': 'Cancel run with reconciliation', 'security': [{'clientSession': []}], 'parameters': [{'name': 'run_id', 'in': 'path', 'required': True, 'schema': {'type': 'string'}}, {'name': 'Idempotency-Key', 'in': 'header', 'required': True, 'schema': {'type': 'string', 'minLength': 1}}, {'name': 'If-Match', 'in': 'header', 'required': True, 'schema': {'type': 'string'}}, {'name': 'X-CSRF-Token', 'in': 'header', 'required': False, 'schema': {'type': 'string'}, 'description': 'Required for cookie-authenticated mutations; server rejects missing/invalid token. Worker bearer authentication is separately scoped.'}], 'responses': {'200': {'description': 'Successful operation within stated scope', 'content': {'application/json': {'schema': {'$ref': 'domain.schema.json#/$defs/Run'}}}}, '400': {'description': 'Invalid input', 'content': {'application/json': {'schema': {'$ref': '#/components/schemas/Error'}}}}, '401': {'description': 'Authentication required', 'content': {'application/json': {'schema': {'$ref': '#/components/schemas/Error'}}}}, '403': {'description': 'Insufficient scope', 'content': {'application/json': {'schema': {'$ref': '#/components/schemas/Error'}}}}, '409': {'description': 'Version or idempotency conflict', 'content': {'application/json': {'schema': {'$ref': '#/components/schemas/Error'}}}}, '503': {'description': 'Unavailable capability', 'content': {'application/json': {'schema': {'$ref': '#/components/schemas/Error'}}}}, '404': {'description': 'Resource not found in actor scope', 'content': {'application/json': {'schema': {'$ref': '#/components/schemas/Error'}}}}, '413': {'description': 'Payload limit', 'content': {'application/json': {'schema': {'$ref': '#/components/schemas/Error'}}}}, '429': {'description': 'Rate limit', 'content': {'application/json': {'schema': {'$ref': '#/components/schemas/Error'}}}}, '422': {'description': 'Valid JSON with invalid domain schema or semantic input', 'content': {'application/json': {'schema': {'$ref': '#/components/schemas/Error'}}}}}, 'requestBody': {'required': True, 'content': {'application/json': {'schema': {'type': 'object', 'additionalProperties': False, 'properties': {'reason': {'type': 'string', 'minLength': 1, 'maxLength': 100000}}, 'required': ['reason']}}}}}}, '/v1/runs/{run_id}/feedback': {'post': {'operationId': 'submitFeedback', 'summary': 'Authenticated client feedback creates a new requirement revision', 'security': [{'clientSession': []}], 'parameters': [{'name': 'run_id', 'in': 'path', 'required': True, 'schema': {'type': 'string'}}, {'name': 'Idempotency-Key', 'in': 'header', 'required': True, 'schema': {'type': 'string', 'minLength': 1}}, {'name': 'If-Match', 'in': 'header', 'required': True, 'schema': {'type': 'string'}}, {'name': 'X-CSRF-Token', 'in': 'header', 'required': False, 'schema': {'type': 'string'}, 'description': 'Required for cookie-authenticated mutations; server rejects missing/invalid token. Worker bearer authentication is separately scoped.'}], 'responses': {'201': {'description': 'Successful operation within stated scope', 'content': {'application/json': {'schema': {'$ref': 'domain.schema.json#/$defs/Feedback'}}}}, '400': {'description': 'Invalid input', 'content': {'application/json': {'schema': {'$ref': '#/components/schemas/Error'}}}}, '401': {'description': 'Authentication required', 'content': {'application/json': {'schema': {'$ref': '#/components/schemas/Error'}}}}, '403': {'description': 'Insufficient scope', 'content': {'application/json': {'schema': {'$ref': '#/components/schemas/Error'}}}}, '409': {'description': 'Version or idempotency conflict', 'content': {'application/json': {'schema': {'$ref': '#/components/schemas/Error'}}}}, '503': {'description': 'Unavailable capability', 'content': {'application/json': {'schema': {'$ref': '#/components/schemas/Error'}}}}, '404': {'description': 'Resource not found in actor scope', 'content': {'application/json': {'schema': {'$ref': '#/components/schemas/Error'}}}}, '413': {'description': 'Payload limit', 'content': {'application/json': {'schema': {'$ref': '#/components/schemas/Error'}}}}, '429': {'description': 'Rate limit', 'content': {'application/json': {'schema': {'$ref': '#/components/schemas/Error'}}}}, '422': {'description': 'Valid JSON with invalid domain schema or semantic input', 'content': {'application/json': {'schema': {'$ref': '#/components/schemas/Error'}}}}}, 'requestBody': {'required': True, 'content': {'application/json': {'schema': {'type': 'object', 'additionalProperties': False, 'properties': {'candidate_id': {'type': 'string', 'pattern': '^[a-zA-Z0-9][a-zA-Z0-9_.:-]{0,127}$'}, 'message': {'type': 'string', 'minLength': 1, 'maxLength': 100000}, 'satisfaction': {'type': 'string', 'enum': ['not_recorded', 'needs_changes', 'accepted']}}, 'required': ['candidate_id', 'message', 'satisfaction']}}}}}}, '/v1/candidates/{candidate_id}/verify': {'post': {'operationId': 'requestVerification', 'summary': 'Request protected check IDs; never submit shell commands', 'security': [{'clientSession': []}, {'workerSession': []}], 'parameters': [{'name': 'candidate_id', 'in': 'path', 'required': True, 'schema': {'type': 'string'}}, {'name': 'Idempotency-Key', 'in': 'header', 'required': True, 'schema': {'type': 'string', 'minLength': 1}}, {'name': 'X-CSRF-Token', 'in': 'header', 'required': False, 'schema': {'type': 'string'}, 'description': 'Required for cookie-authenticated mutations; server rejects missing/invalid token. Worker bearer authentication is separately scoped.'}], 'responses': {'202': {'description': 'Successful operation within stated scope', 'content': {'application/json': {'schema': {'type': 'object', 'additionalProperties': True}}}}, '400': {'description': 'Invalid input', 'content': {'application/json': {'schema': {'$ref': '#/components/schemas/Error'}}}}, '401': {'description': 'Authentication required', 'content': {'application/json': {'schema': {'$ref': '#/components/schemas/Error'}}}}, '403': {'description': 'Insufficient scope', 'content': {'application/json': {'schema': {'$ref': '#/components/schemas/Error'}}}}, '409': {'description': 'Version or idempotency conflict', 'content': {'application/json': {'schema': {'$ref': '#/components/schemas/Error'}}}}, '503': {'description': 'Unavailable capability', 'content': {'application/json': {'schema': {'$ref': '#/components/schemas/Error'}}}}, '404': {'description': 'Resource not found in actor scope', 'content': {'application/json': {'schema': {'$ref': '#/components/schemas/Error'}}}}, '413': {'description': 'Payload limit', 'content': {'application/json': {'schema': {'$ref': '#/components/schemas/Error'}}}}, '429': {'description': 'Rate limit', 'content': {'application/json': {'schema': {'$ref': '#/components/schemas/Error'}}}}, '422': {'description': 'Valid JSON with invalid domain schema or semantic input', 'content': {'application/json': {'schema': {'$ref': '#/components/schemas/Error'}}}}}, 'requestBody': {'required': True, 'content': {'application/json': {'schema': {'type': 'object', 'additionalProperties': False, 'properties': {'check_ids': {'type': 'array', 'items': {'type': 'string', 'pattern': '^[a-zA-Z0-9][a-zA-Z0-9_.:-]{0,127}$'}, 'minItems': 1}, 'policy_digest': {'type': 'string', 'pattern': '^sha256:[a-f0-9]{64}$'}}, 'required': ['check_ids', 'policy_digest']}}}}}}, '/v1/candidates/{candidate_id}/evidence': {'get': {'operationId': 'getEvidence', 'summary': 'Get authenticated evidence for scoped candidate', 'security': [{'clientSession': []}, {'workerSession': []}], 'parameters': [{'name': 'candidate_id', 'in': 'path', 'required': True, 'schema': {'type': 'string'}}], 'responses': {'200': {'description': 'Successful operation within stated scope', 'content': {'application/json': {'schema': {'$ref': 'domain.schema.json#/$defs/SignedEnvelope'}}}}, '400': {'description': 'Invalid input', 'content': {'application/json': {'schema': {'$ref': '#/components/schemas/Error'}}}}, '401': {'description': 'Authentication required', 'content': {'application/json': {'schema': {'$ref': '#/components/schemas/Error'}}}}, '403': {'description': 'Insufficient scope', 'content': {'application/json': {'schema': {'$ref': '#/components/schemas/Error'}}}}, '409': {'description': 'Version or idempotency conflict', 'content': {'application/json': {'schema': {'$ref': '#/components/schemas/Error'}}}}, '503': {'description': 'Unavailable capability', 'content': {'application/json': {'schema': {'$ref': '#/components/schemas/Error'}}}}, '404': {'description': 'Resource not found in actor scope', 'content': {'application/json': {'schema': {'$ref': '#/components/schemas/Error'}}}}, '413': {'description': 'Payload limit', 'content': {'application/json': {'schema': {'$ref': '#/components/schemas/Error'}}}}, '429': {'description': 'Rate limit', 'content': {'application/json': {'schema': {'$ref': '#/components/schemas/Error'}}}}, '422': {'description': 'Valid JSON with invalid domain schema or semantic input', 'content': {'application/json': {'schema': {'$ref': '#/components/schemas/Error'}}}}}}}, '/v1/approvals/{approval_id}/decision': {'post': {'operationId': 'decideApproval', 'summary': 'Authenticated client/role decision; workers are forbidden', 'security': [{'clientSession': []}], 'parameters': [{'name': 'approval_id', 'in': 'path', 'required': True, 'schema': {'type': 'string'}}, {'name': 'Idempotency-Key', 'in': 'header', 'required': True, 'schema': {'type': 'string', 'minLength': 1}}, {'name': 'If-Match', 'in': 'header', 'required': True, 'schema': {'type': 'string'}}, {'name': 'X-CSRF-Token', 'in': 'header', 'required': False, 'schema': {'type': 'string'}, 'description': 'Required for cookie-authenticated mutations; server rejects missing/invalid token. Worker bearer authentication is separately scoped.'}], 'responses': {'200': {'description': 'Successful operation within stated scope', 'content': {'application/json': {'schema': {'$ref': 'domain.schema.json#/$defs/ApprovalDecision'}}}}, '400': {'description': 'Invalid input', 'content': {'application/json': {'schema': {'$ref': '#/components/schemas/Error'}}}}, '401': {'description': 'Authentication required', 'content': {'application/json': {'schema': {'$ref': '#/components/schemas/Error'}}}}, '403': {'description': 'Insufficient scope', 'content': {'application/json': {'schema': {'$ref': '#/components/schemas/Error'}}}}, '409': {'description': 'Version or idempotency conflict', 'content': {'application/json': {'schema': {'$ref': '#/components/schemas/Error'}}}}, '503': {'description': 'Unavailable capability', 'content': {'application/json': {'schema': {'$ref': '#/components/schemas/Error'}}}}, '404': {'description': 'Resource not found in actor scope', 'content': {'application/json': {'schema': {'$ref': '#/components/schemas/Error'}}}}, '413': {'description': 'Payload limit', 'content': {'application/json': {'schema': {'$ref': '#/components/schemas/Error'}}}}, '429': {'description': 'Rate limit', 'content': {'application/json': {'schema': {'$ref': '#/components/schemas/Error'}}}}, '422': {'description': 'Valid JSON with invalid domain schema or semantic input', 'content': {'application/json': {'schema': {'$ref': '#/components/schemas/Error'}}}}}, 'requestBody': {'required': True, 'content': {'application/json': {'schema': {'type': 'object', 'additionalProperties': False, 'properties': {'decision': {'type': 'string', 'enum': ['approve', 'deny']}, 'displayed_action_digest': {'type': 'string', 'pattern': '^sha256:[a-f0-9]{64}$'}}, 'required': ['decision', 'displayed_action_digest']}}}}}}, '/v1/releases': {'post': {'operationId': 'createRelease', 'summary': 'Request idempotent deployment of approved exact artifact', 'security': [{'clientSession': []}], 'parameters': [{'name': 'Idempotency-Key', 'in': 'header', 'required': True, 'schema': {'type': 'string', 'minLength': 1}}, {'name': 'X-CSRF-Token', 'in': 'header', 'required': False, 'schema': {'type': 'string'}, 'description': 'Required for cookie-authenticated mutations; server rejects missing/invalid token. Worker bearer authentication is separately scoped.'}], 'responses': {'202': {'description': 'Successful operation within stated scope', 'content': {'application/json': {'schema': {'$ref': 'domain.schema.json#/$defs/Deployment'}}}}, '400': {'description': 'Invalid input', 'content': {'application/json': {'schema': {'$ref': '#/components/schemas/Error'}}}}, '401': {'description': 'Authentication required', 'content': {'application/json': {'schema': {'$ref': '#/components/schemas/Error'}}}}, '403': {'description': 'Insufficient scope', 'content': {'application/json': {'schema': {'$ref': '#/components/schemas/Error'}}}}, '409': {'description': 'Version or idempotency conflict', 'content': {'application/json': {'schema': {'$ref': '#/components/schemas/Error'}}}}, '503': {'description': 'Unavailable capability', 'content': {'application/json': {'schema': {'$ref': '#/components/schemas/Error'}}}}, '404': {'description': 'Resource not found in actor scope', 'content': {'application/json': {'schema': {'$ref': '#/components/schemas/Error'}}}}, '413': {'description': 'Payload limit', 'content': {'application/json': {'schema': {'$ref': '#/components/schemas/Error'}}}}, '429': {'description': 'Rate limit', 'content': {'application/json': {'schema': {'$ref': '#/components/schemas/Error'}}}}, '422': {'description': 'Valid JSON with invalid domain schema or semantic input', 'content': {'application/json': {'schema': {'$ref': '#/components/schemas/Error'}}}}}, 'requestBody': {'required': True, 'content': {'application/json': {'schema': {'type': 'object', 'additionalProperties': False, 'properties': {'candidate_id': {'type': 'string', 'pattern': '^[a-zA-Z0-9][a-zA-Z0-9_.:-]{0,127}$'}, 'approval_id': {'type': 'string', 'pattern': '^[a-zA-Z0-9][a-zA-Z0-9_.:-]{0,127}$'}, 'target_environment': {'type': 'string', 'minLength': 1, 'maxLength': 100000}}, 'required': ['candidate_id', 'approval_id', 'target_environment']}}}}}}, '/v1/capabilities': {'get': {'operationId': 'getCapabilities', 'summary': 'Get observed host capability report', 'security': [{'clientSession': []}, {'workerSession': []}], 'parameters': [], 'responses': {'200': {'description': 'Successful operation within stated scope', 'content': {'application/json': {'schema': {'$ref': 'domain.schema.json#/$defs/CapabilityReport'}}}}, '400': {'description': 'Invalid input', 'content': {'application/json': {'schema': {'$ref': '#/components/schemas/Error'}}}}, '401': {'description': 'Authentication required', 'content': {'application/json': {'schema': {'$ref': '#/components/schemas/Error'}}}}, '403': {'description': 'Insufficient scope', 'content': {'application/json': {'schema': {'$ref': '#/components/schemas/Error'}}}}, '409': {'description': 'Version or idempotency conflict', 'content': {'application/json': {'schema': {'$ref': '#/components/schemas/Error'}}}}, '503': {'description': 'Unavailable capability', 'content': {'application/json': {'schema': {'$ref': '#/components/schemas/Error'}}}}, '404': {'description': 'Resource not found in actor scope', 'content': {'application/json': {'schema': {'$ref': '#/components/schemas/Error'}}}}, '413': {'description': 'Payload limit', 'content': {'application/json': {'schema': {'$ref': '#/components/schemas/Error'}}}}, '429': {'description': 'Rate limit', 'content': {'application/json': {'schema': {'$ref': '#/components/schemas/Error'}}}}, '422': {'description': 'Valid JSON with invalid domain schema or semantic input', 'content': {'application/json': {'schema': {'$ref': '#/components/schemas/Error'}}}}}}}, '/v1/runs/{run_id}/events': {'get': {'operationId': 'streamEvents', 'summary': 'SSE with resumable per-run monotonic sequence', 'security': [{'clientSession': []}, {'workerSession': []}], 'parameters': [{'name': 'run_id', 'in': 'path', 'required': True, 'schema': {'type': 'string'}}, {'name': 'Last-Event-ID', 'in': 'header', 'schema': {'type': 'string'}}], 'responses': {'200': {'description': 'Scoped event stream', 'content': {'text/event-stream': {'schema': {'type': 'string'}}}}, '409': {'description': 'Version or idempotency conflict', 'content': {'application/json': {'schema': {'$ref': '#/components/schemas/Error'}}}}, '401': {'description': 'Authentication required', 'content': {'application/json': {'schema': {'$ref': '#/components/schemas/Error'}}}}, '400': {'description': 'Invalid input', 'content': {'application/json': {'schema': {'$ref': '#/components/schemas/Error'}}}}, '403': {'description': 'Insufficient scope', 'content': {'application/json': {'schema': {'$ref': '#/components/schemas/Error'}}}}, '404': {'description': 'Resource not found in actor scope', 'content': {'application/json': {'schema': {'$ref': '#/components/schemas/Error'}}}}, '413': {'description': 'Payload limit', 'content': {'application/json': {'schema': {'$ref': '#/components/schemas/Error'}}}}, '429': {'description': 'Rate limit', 'content': {'application/json': {'schema': {'$ref': '#/components/schemas/Error'}}}}, '503': {'description': 'Unavailable capability', 'content': {'application/json': {'schema': {'$ref': '#/components/schemas/Error'}}}}, '422': {'description': 'Valid JSON with invalid domain schema or semantic input', 'content': {'application/json': {'schema': {'$ref': '#/components/schemas/Error'}}}}}}}, '/v1/approvals': {'get': {'operationId': 'listPendingApprovals', 'summary': 'listPendingApprovals', 'security': [{'clientSession': []}], 'parameters': [{'name': 'cursor', 'in': 'query', 'schema': {'type': 'string'}}, {'name': 'limit', 'in': 'query', 'schema': {'type': 'integer', 'minimum': 1, 'maximum': 100, 'default': 25}}], 'responses': {'200': {'description': 'Successful operation within stated scope', 'content': {'application/json': {'schema': {'type': 'object', 'additionalProperties': False, 'properties': {'items': {'type': 'array', 'items': {'$ref': 'domain.schema.json#/$defs/ApprovalRequest'}}, 'next_cursor': {'anyOf': [{'type': 'string'}, {'type': 'null'}]}}, 'required': ['items', 'next_cursor']}}}}, '400': {'description': 'Invalid input', 'content': {'application/json': {'schema': {'$ref': '#/components/schemas/Error'}}}}, '401': {'description': 'Authentication required', 'content': {'application/json': {'schema': {'$ref': '#/components/schemas/Error'}}}}, '403': {'description': 'Insufficient scope', 'content': {'application/json': {'schema': {'$ref': '#/components/schemas/Error'}}}}, '404': {'description': 'Resource not found in actor scope', 'content': {'application/json': {'schema': {'$ref': '#/components/schemas/Error'}}}}, '409': {'description': 'Version or idempotency conflict', 'content': {'application/json': {'schema': {'$ref': '#/components/schemas/Error'}}}}, '413': {'description': 'Payload limit', 'content': {'application/json': {'schema': {'$ref': '#/components/schemas/Error'}}}}, '429': {'description': 'Rate limit', 'content': {'application/json': {'schema': {'$ref': '#/components/schemas/Error'}}}}, '503': {'description': 'Unavailable capability', 'content': {'application/json': {'schema': {'$ref': '#/components/schemas/Error'}}}}, '422': {'description': 'Valid JSON with invalid domain schema or semantic input', 'content': {'application/json': {'schema': {'$ref': '#/components/schemas/Error'}}}}}}}, '/v1/releases/{deployment_id}': {'get': {'operationId': 'getRelease', 'summary': 'getRelease', 'security': [{'clientSession': []}], 'parameters': [{'name': 'deployment_id', 'in': 'path', 'required': True, 'schema': {'type': 'string', 'pattern': '^[a-zA-Z0-9][a-zA-Z0-9_.:-]{0,127}$'}}], 'responses': {'200': {'description': 'Successful operation within stated scope', 'content': {'application/json': {'schema': {'$ref': 'domain.schema.json#/$defs/Deployment'}}}}, '400': {'description': 'Invalid input', 'content': {'application/json': {'schema': {'$ref': '#/components/schemas/Error'}}}}, '401': {'description': 'Authentication required', 'content': {'application/json': {'schema': {'$ref': '#/components/schemas/Error'}}}}, '403': {'description': 'Insufficient scope', 'content': {'application/json': {'schema': {'$ref': '#/components/schemas/Error'}}}}, '404': {'description': 'Resource not found in actor scope', 'content': {'application/json': {'schema': {'$ref': '#/components/schemas/Error'}}}}, '409': {'description': 'Version or idempotency conflict', 'content': {'application/json': {'schema': {'$ref': '#/components/schemas/Error'}}}}, '413': {'description': 'Payload limit', 'content': {'application/json': {'schema': {'$ref': '#/components/schemas/Error'}}}}, '429': {'description': 'Rate limit', 'content': {'application/json': {'schema': {'$ref': '#/components/schemas/Error'}}}}, '503': {'description': 'Unavailable capability', 'content': {'application/json': {'schema': {'$ref': '#/components/schemas/Error'}}}}, '422': {'description': 'Valid JSON with invalid domain schema or semantic input', 'content': {'application/json': {'schema': {'$ref': '#/components/schemas/Error'}}}}}}}, '/v1/releases/{deployment_id}/rollback': {'post': {'operationId': 'requestRollback', 'summary': 'requestRollback', 'security': [{'clientSession': []}], 'parameters': [{'name': 'deployment_id', 'in': 'path', 'required': True, 'schema': {'type': 'string', 'pattern': '^[a-zA-Z0-9][a-zA-Z0-9_.:-]{0,127}$'}}, {'name': 'Idempotency-Key', 'in': 'header', 'required': True, 'schema': {'type': 'string', 'pattern': '^[a-zA-Z0-9][a-zA-Z0-9_.:-]{0,127}$'}}, {'name': 'X-CSRF-Token', 'in': 'header', 'required': False, 'schema': {'type': 'string'}, 'description': 'Required for cookie-authenticated mutations; server rejects missing/invalid token. Worker bearer authentication is separately scoped.'}], 'responses': {'202': {'description': 'Successful operation within stated scope', 'content': {'application/json': {'schema': {'$ref': 'domain.schema.json#/$defs/Deployment'}}}}, '400': {'description': 'Invalid input', 'content': {'application/json': {'schema': {'$ref': '#/components/schemas/Error'}}}}, '401': {'description': 'Authentication required', 'content': {'application/json': {'schema': {'$ref': '#/components/schemas/Error'}}}}, '403': {'description': 'Insufficient scope', 'content': {'application/json': {'schema': {'$ref': '#/components/schemas/Error'}}}}, '404': {'description': 'Resource not found in actor scope', 'content': {'application/json': {'schema': {'$ref': '#/components/schemas/Error'}}}}, '409': {'description': 'Version or idempotency conflict', 'content': {'application/json': {'schema': {'$ref': '#/components/schemas/Error'}}}}, '413': {'description': 'Payload limit', 'content': {'application/json': {'schema': {'$ref': '#/components/schemas/Error'}}}}, '429': {'description': 'Rate limit', 'content': {'application/json': {'schema': {'$ref': '#/components/schemas/Error'}}}}, '503': {'description': 'Unavailable capability', 'content': {'application/json': {'schema': {'$ref': '#/components/schemas/Error'}}}}, '422': {'description': 'Valid JSON with invalid domain schema or semantic input', 'content': {'application/json': {'schema': {'$ref': '#/components/schemas/Error'}}}}}, 'requestBody': {'required': True, 'content': {'application/json': {'schema': {'type': 'object', 'additionalProperties': False, 'properties': {'approval_id': {'type': 'string', 'pattern': '^[a-zA-Z0-9][a-zA-Z0-9_.:-]{0,127}$'}}, 'required': ['approval_id']}}}}}}, '/v1/session/bootstrap': {'post': {'operationId': 'bootstrapSession', 'summary': 'Consume local launcher token; bind loopback Origin/Host and issue short-lived client cookie', 'security': [], 'parameters': [{'name': 'Idempotency-Key', 'in': 'header', 'required': True, 'schema': {'type': 'string', 'pattern': '^[a-zA-Z0-9][a-zA-Z0-9_.:-]{0,127}$'}}], 'responses': {'200': {'description': 'Successful operation within stated scope', 'content': {'application/json': {'schema': {'type': 'object', 'additionalProperties': False, 'properties': {'expires_at': {'type': 'string', 'format': 'date-time'}, 'csrf_token': {'type': 'string'}}, 'required': ['expires_at', 'csrf_token']}}}}, '400': {'description': 'Invalid input', 'content': {'application/json': {'schema': {'$ref': '#/components/schemas/Error'}}}}, '401': {'description': 'Authentication required', 'content': {'application/json': {'schema': {'$ref': '#/components/schemas/Error'}}}}, '403': {'description': 'Insufficient scope', 'content': {'application/json': {'schema': {'$ref': '#/components/schemas/Error'}}}}, '404': {'description': 'Resource not found in actor scope', 'content': {'application/json': {'schema': {'$ref': '#/components/schemas/Error'}}}}, '409': {'description': 'Version or idempotency conflict', 'content': {'application/json': {'schema': {'$ref': '#/components/schemas/Error'}}}}, '413': {'description': 'Payload limit', 'content': {'application/json': {'schema': {'$ref': '#/components/schemas/Error'}}}}, '429': {'description': 'Rate limit', 'content': {'application/json': {'schema': {'$ref': '#/components/schemas/Error'}}}}, '503': {'description': 'Unavailable capability', 'content': {'application/json': {'schema': {'$ref': '#/components/schemas/Error'}}}}, '422': {'description': 'Valid JSON with invalid domain schema or semantic input', 'content': {'application/json': {'schema': {'$ref': '#/components/schemas/Error'}}}}}, 'requestBody': {'required': True, 'content': {'application/json': {'schema': {'type': 'object', 'additionalProperties': False, 'properties': {'one_time_bootstrap_token': {'type': 'string', 'minLength': 32, 'maxLength': 512}}, 'required': ['one_time_bootstrap_token']}}}}}}, '/v1/session/logout': {'post': {'operationId': 'logoutSession', 'summary': 'logoutSession', 'security': [{'clientSession': []}], 'parameters': [{'name': 'Idempotency-Key', 'in': 'header', 'required': True, 'schema': {'type': 'string', 'pattern': '^[a-zA-Z0-9][a-zA-Z0-9_.:-]{0,127}$'}}, {'name': 'X-CSRF-Token', 'in': 'header', 'required': False, 'schema': {'type': 'string'}, 'description': 'Required for cookie-authenticated mutations; server rejects missing/invalid token. Worker bearer authentication is separately scoped.'}], 'responses': {'200': {'description': 'Successful operation within stated scope', 'content': {'application/json': {'schema': {'type': 'object', 'additionalProperties': False, 'properties': {'logged_out': {'const': True}}, 'required': ['logged_out']}}}}, '400': {'description': 'Invalid input', 'content': {'application/json': {'schema': {'$ref': '#/components/schemas/Error'}}}}, '401': {'description': 'Authentication required', 'content': {'application/json': {'schema': {'$ref': '#/components/schemas/Error'}}}}, '403': {'description': 'Insufficient scope', 'content': {'application/json': {'schema': {'$ref': '#/components/schemas/Error'}}}}, '404': {'description': 'Resource not found in actor scope', 'content': {'application/json': {'schema': {'$ref': '#/components/schemas/Error'}}}}, '409': {'description': 'Version or idempotency conflict', 'content': {'application/json': {'schema': {'$ref': '#/components/schemas/Error'}}}}, '413': {'description': 'Payload limit', 'content': {'application/json': {'schema': {'$ref': '#/components/schemas/Error'}}}}, '429': {'description': 'Rate limit', 'content': {'application/json': {'schema': {'$ref': '#/components/schemas/Error'}}}}, '503': {'description': 'Unavailable capability', 'content': {'application/json': {'schema': {'$ref': '#/components/schemas/Error'}}}}, '422': {'description': 'Valid JSON with invalid domain schema or semantic input', 'content': {'application/json': {'schema': {'$ref': '#/components/schemas/Error'}}}}}, 'requestBody': {'required': True, 'content': {'application/json': {'schema': {'type': 'object', 'additionalProperties': False, 'properties': {}, 'required': []}}}}}}, '/v1/projects/{project_id}/attachments': {'post': {'operationId': 'uploadReference', 'summary': 'Authenticated image (10MiB) or UTF-8 plain/Markdown/JSON text (1MiB) upload; inert preview and isolated decoding', 'security': [{'clientSession': []}], 'parameters': [{'name': 'project_id', 'in': 'path', 'required': True, 'schema': {'type': 'string', 'pattern': '^[a-zA-Z0-9][a-zA-Z0-9_.:-]{0,127}$'}}, {'name': 'Idempotency-Key', 'in': 'header', 'required': True, 'schema': {'type': 'string', 'pattern': '^[a-zA-Z0-9][a-zA-Z0-9_.:-]{0,127}$'}}, {'name': 'X-CSRF-Token', 'in': 'header', 'required': False, 'schema': {'type': 'string'}, 'description': 'Required for cookie-authenticated mutations; server rejects missing/invalid token. Worker bearer authentication is separately scoped.'}], 'responses': {'201': {'description': 'Successful operation within stated scope', 'content': {'application/json': {'schema': {'$ref': 'domain.schema.json#/$defs/Attachment'}}}}, '400': {'description': 'Invalid input', 'content': {'application/json': {'schema': {'$ref': '#/components/schemas/Error'}}}}, '401': {'description': 'Authentication required', 'content': {'application/json': {'schema': {'$ref': '#/components/schemas/Error'}}}}, '403': {'description': 'Insufficient scope', 'content': {'application/json': {'schema': {'$ref': '#/components/schemas/Error'}}}}, '404': {'description': 'Resource not found in actor scope', 'content': {'application/json': {'schema': {'$ref': '#/components/schemas/Error'}}}}, '409': {'description': 'Version or idempotency conflict', 'content': {'application/json': {'schema': {'$ref': '#/components/schemas/Error'}}}}, '413': {'description': 'Payload limit', 'content': {'application/json': {'schema': {'$ref': '#/components/schemas/Error'}}}}, '429': {'description': 'Rate limit', 'content': {'application/json': {'schema': {'$ref': '#/components/schemas/Error'}}}}, '503': {'description': 'Unavailable capability', 'content': {'application/json': {'schema': {'$ref': '#/components/schemas/Error'}}}}, '422': {'description': 'Valid JSON with invalid domain schema or semantic input', 'content': {'application/json': {'schema': {'$ref': '#/components/schemas/Error'}}}}}, 'requestBody': {'required': True, 'content': {'multipart/form-data': {'schema': {'type': 'object', 'additionalProperties': False, 'properties': {'file': {'type': 'string', 'format': 'binary'}, 'privacy_class': {'type': 'string', 'enum': ['public', 'internal', 'confidential', 'restricted']}}, 'required': ['file', 'privacy_class']}}}}}}, '/v1/attachments/{attachment_id}': {'get': {'operationId': 'readAttachmentMetadata', 'summary': 'readAttachmentMetadata', 'security': [{'clientSession': []}, {'workerSession': []}], 'parameters': [{'name': 'attachment_id', 'in': 'path', 'required': True, 'schema': {'type': 'string', 'pattern': '^[a-zA-Z0-9][a-zA-Z0-9_.:-]{0,127}$'}}], 'responses': {'200': {'description': 'Successful operation within stated scope', 'content': {'application/json': {'schema': {'$ref': 'domain.schema.json#/$defs/Attachment'}}}}, '400': {'description': 'Invalid input', 'content': {'application/json': {'schema': {'$ref': '#/components/schemas/Error'}}}}, '401': {'description': 'Authentication required', 'content': {'application/json': {'schema': {'$ref': '#/components/schemas/Error'}}}}, '403': {'description': 'Insufficient scope', 'content': {'application/json': {'schema': {'$ref': '#/components/schemas/Error'}}}}, '404': {'description': 'Resource not found in actor scope', 'content': {'application/json': {'schema': {'$ref': '#/components/schemas/Error'}}}}, '409': {'description': 'Version or idempotency conflict', 'content': {'application/json': {'schema': {'$ref': '#/components/schemas/Error'}}}}, '413': {'description': 'Payload limit', 'content': {'application/json': {'schema': {'$ref': '#/components/schemas/Error'}}}}, '429': {'description': 'Rate limit', 'content': {'application/json': {'schema': {'$ref': '#/components/schemas/Error'}}}}, '503': {'description': 'Unavailable capability', 'content': {'application/json': {'schema': {'$ref': '#/components/schemas/Error'}}}}, '422': {'description': 'Valid JSON with invalid domain schema or semantic input', 'content': {'application/json': {'schema': {'$ref': '#/components/schemas/Error'}}}}}}}, '/v1/candidates/{candidate_id}/preview': {'get': {'operationId': 'getVerifiedPreview', 'summary': 'Return authorized expiring preview on a separate isolated origin; never host candidate JavaScript on controller origin', 'security': [{'clientSession': []}], 'parameters': [{'name': 'candidate_id', 'in': 'path', 'required': True, 'schema': {'type': 'string', 'pattern': '^[a-zA-Z0-9][a-zA-Z0-9_.:-]{0,127}$'}}], 'responses': {'200': {'description': 'Successful operation within stated scope', 'content': {'application/json': {'schema': {'type': 'object', 'additionalProperties': False, 'properties': {'candidate_id': {'type': 'string', 'pattern': '^[a-zA-Z0-9][a-zA-Z0-9_.:-]{0,127}$'}, 'artifact_digest': {'type': 'string', 'pattern': '^sha256:[a-f0-9]{64}$'}, 'preview_url': {'type': 'string', 'format': 'uri'}, 'expires_at': {'type': 'string', 'format': 'date-time'}}, 'required': ['candidate_id', 'artifact_digest', 'preview_url', 'expires_at']}}}}, '400': {'description': 'Invalid input', 'content': {'application/json': {'schema': {'$ref': '#/components/schemas/Error'}}}}, '401': {'description': 'Authentication required', 'content': {'application/json': {'schema': {'$ref': '#/components/schemas/Error'}}}}, '403': {'description': 'Insufficient scope', 'content': {'application/json': {'schema': {'$ref': '#/components/schemas/Error'}}}}, '404': {'description': 'Resource not found in actor scope', 'content': {'application/json': {'schema': {'$ref': '#/components/schemas/Error'}}}}, '409': {'description': 'Version or idempotency conflict', 'content': {'application/json': {'schema': {'$ref': '#/components/schemas/Error'}}}}, '413': {'description': 'Payload limit', 'content': {'application/json': {'schema': {'$ref': '#/components/schemas/Error'}}}}, '429': {'description': 'Rate limit', 'content': {'application/json': {'schema': {'$ref': '#/components/schemas/Error'}}}}, '503': {'description': 'Unavailable capability', 'content': {'application/json': {'schema': {'$ref': '#/components/schemas/Error'}}}}, '422': {'description': 'Valid JSON with invalid domain schema or semantic input', 'content': {'application/json': {'schema': {'$ref': '#/components/schemas/Error'}}}}}}}, '/v1/runs/{run_id}/questions': {'get': {'operationId': 'listClientQuestions', 'summary': 'Read current material question; drafting is a controller-internal action', 'security': [{'clientSession': []}], 'parameters': [{'name': 'run_id', 'in': 'path', 'required': True, 'schema': {'type': 'string', 'pattern': '^[a-zA-Z0-9][a-zA-Z0-9_.:-]{0,127}$'}}], 'responses': {'200': {'description': 'Persisted result; not a readiness or release grant', 'content': {'application/json': {'schema': {'type': 'array', 'items': {'$ref': 'domain.schema.json#/$defs/ClientQuestion'}}}}}, '400': {'description': 'Malformed input', 'content': {'application/json': {'schema': {'$ref': '#/components/schemas/Error'}}}}, '401': {'description': 'Unauthenticated', 'content': {'application/json': {'schema': {'$ref': '#/components/schemas/Error'}}}}, '403': {'description': 'Forbidden actor', 'content': {'application/json': {'schema': {'$ref': '#/components/schemas/Error'}}}}, '404': {'description': 'Resource outside scope or missing', 'content': {'application/json': {'schema': {'$ref': '#/components/schemas/Error'}}}}, '409': {'description': 'Stale version, superseded question, or different idempotent payload', 'content': {'application/json': {'schema': {'$ref': '#/components/schemas/Error'}}}}, '413': {'description': 'Payload too large', 'content': {'application/json': {'schema': {'$ref': '#/components/schemas/Error'}}}}, '422': {'description': 'Invalid schema or semantic input', 'content': {'application/json': {'schema': {'$ref': '#/components/schemas/Error'}}}}, '429': {'description': 'Rate limited', 'content': {'application/json': {'schema': {'$ref': '#/components/schemas/Error'}}}}, '503': {'description': 'Service unavailable', 'content': {'application/json': {'schema': {'$ref': '#/components/schemas/Error'}}}}}}}, '/v1/questions/{question_id}/answer': {'post': {'operationId': 'answerClientQuestion', 'summary': 'Record authenticated answer with question If-Match; never grant spending or deployment', 'security': [{'clientSession': []}], 'parameters': [{'name': 'question_id', 'in': 'path', 'required': True, 'schema': {'type': 'string', 'pattern': '^[a-zA-Z0-9][a-zA-Z0-9_.:-]{0,127}$'}}, {'name': 'Idempotency-Key', 'in': 'header', 'required': True, 'schema': {'type': 'string', 'pattern': '^[a-zA-Z0-9][a-zA-Z0-9_.:-]{0,127}$'}}, {'name': 'If-Match', 'in': 'header', 'required': True, 'schema': {'type': 'string'}}, {'name': 'X-CSRF-Token', 'in': 'header', 'required': True, 'schema': {'type': 'string'}}], 'responses': {'201': {'description': 'Persisted result; not a readiness or release grant', 'content': {'application/json': {'schema': {'$ref': 'domain.schema.json#/$defs/ClientAnswer'}}}}, '400': {'description': 'Malformed input', 'content': {'application/json': {'schema': {'$ref': '#/components/schemas/Error'}}}}, '401': {'description': 'Unauthenticated', 'content': {'application/json': {'schema': {'$ref': '#/components/schemas/Error'}}}}, '403': {'description': 'Forbidden actor', 'content': {'application/json': {'schema': {'$ref': '#/components/schemas/Error'}}}}, '404': {'description': 'Resource outside scope or missing', 'content': {'application/json': {'schema': {'$ref': '#/components/schemas/Error'}}}}, '409': {'description': 'Stale version, superseded question, or different idempotent payload', 'content': {'application/json': {'schema': {'$ref': '#/components/schemas/Error'}}}}, '413': {'description': 'Payload too large', 'content': {'application/json': {'schema': {'$ref': '#/components/schemas/Error'}}}}, '422': {'description': 'Invalid schema or semantic input', 'content': {'application/json': {'schema': {'$ref': '#/components/schemas/Error'}}}}, '429': {'description': 'Rate limited', 'content': {'application/json': {'schema': {'$ref': '#/components/schemas/Error'}}}}, '503': {'description': 'Service unavailable', 'content': {'application/json': {'schema': {'$ref': '#/components/schemas/Error'}}}}}, 'requestBody': {'required': True, 'content': {'application/json': {'schema': {'type': 'object', 'additionalProperties': False, 'properties': {'message': {'type': 'string', 'minLength': 1, 'maxLength': 100000}, 'attachment_ids': {'type': 'array', 'items': {'type': 'string', 'pattern': '^[a-zA-Z0-9][a-zA-Z0-9_.:-]{0,127}$'}, 'maxItems': 5}}, 'required': ['message', 'attachment_ids']}}}}}}, '/v1/runs/{run_id}/messages': {'post': {'operationId': 'submitRunMessage', 'summary': 'Accept new instructions before or after a candidate; run If-Match fences affected work', 'security': [{'clientSession': []}], 'parameters': [{'name': 'run_id', 'in': 'path', 'required': True, 'schema': {'type': 'string', 'pattern': '^[a-zA-Z0-9][a-zA-Z0-9_.:-]{0,127}$'}}, {'name': 'Idempotency-Key', 'in': 'header', 'required': True, 'schema': {'type': 'string', 'pattern': '^[a-zA-Z0-9][a-zA-Z0-9_.:-]{0,127}$'}}, {'name': 'If-Match', 'in': 'header', 'required': True, 'schema': {'type': 'string'}}, {'name': 'X-CSRF-Token', 'in': 'header', 'required': True, 'schema': {'type': 'string'}}], 'responses': {'201': {'description': 'Persisted result; not a readiness or release grant', 'content': {'application/json': {'schema': {'$ref': 'domain.schema.json#/$defs/RunMessage'}}}}, '400': {'description': 'Malformed input', 'content': {'application/json': {'schema': {'$ref': '#/components/schemas/Error'}}}}, '401': {'description': 'Unauthenticated', 'content': {'application/json': {'schema': {'$ref': '#/components/schemas/Error'}}}}, '403': {'description': 'Forbidden actor', 'content': {'application/json': {'schema': {'$ref': '#/components/schemas/Error'}}}}, '404': {'description': 'Resource outside scope or missing', 'content': {'application/json': {'schema': {'$ref': '#/components/schemas/Error'}}}}, '409': {'description': 'Stale version, superseded question, or different idempotent payload', 'content': {'application/json': {'schema': {'$ref': '#/components/schemas/Error'}}}}, '413': {'description': 'Payload too large', 'content': {'application/json': {'schema': {'$ref': '#/components/schemas/Error'}}}}, '422': {'description': 'Invalid schema or semantic input', 'content': {'application/json': {'schema': {'$ref': '#/components/schemas/Error'}}}}, '429': {'description': 'Rate limited', 'content': {'application/json': {'schema': {'$ref': '#/components/schemas/Error'}}}}, '503': {'description': 'Service unavailable', 'content': {'application/json': {'schema': {'$ref': '#/components/schemas/Error'}}}}}, 'requestBody': {'required': True, 'content': {'application/json': {'schema': {'type': 'object', 'additionalProperties': False, 'properties': {'message': {'type': 'string', 'minLength': 1, 'maxLength': 100000}, 'language_hint': {'type': 'string', 'enum': ['en', 'fil', 'mixed', 'unknown']}, 'attachment_ids': {'type': 'array', 'maxItems': 5, 'items': {'type': 'string', 'pattern': '^[a-zA-Z0-9][a-zA-Z0-9_.:-]{0,127}$'}}, 'privacy_class': {'type': 'string', 'enum': ['public', 'internal', 'confidential', 'restricted']}}, 'required': ['message', 'language_hint', 'attachment_ids', 'privacy_class']}}}}}}}

======================================================================
FAIL: test_supported_upload_formats (test_document_contracts.DocumentContracts.test_supported_upload_formats) (media='application/pdf')
----------------------------------------------------------------------
Traceback (most recent call last):
  File "/mnt/data/client-mode-engineering-handoff-v1.3/tests/test_document_contracts.py", line 17, in test_supported_upload_formats
    a=ex('attachment');a.update(media_type=media,byte_length=1024);self.assertTrue(V.is_valid(a))
                                                                   ~~~~~~~~~~~~~~~^^^^^^^^^^^^^^^
AssertionError: False is not true

======================================================================
FAIL: test_supported_upload_formats (test_document_contracts.DocumentContracts.test_supported_upload_formats) (media='application/vnd.openxmlformats-officedocument.wordprocessingml.document')
----------------------------------------------------------------------
Traceback (most recent call last):
  File "/mnt/data/client-mode-engineering-handoff-v1.3/tests/test_document_contracts.py", line 17, in test_supported_upload_formats
    a=ex('attachment');a.update(media_type=media,byte_length=1024);self.assertTrue(V.is_valid(a))
                                                                   ~~~~~~~~~~~~~~~^^^^^^^^^^^^^^^
AssertionError: False is not true

======================================================================
FAIL: test_supported_upload_formats (test_document_contracts.DocumentContracts.test_supported_upload_formats) (media='application/vnd.openxmlformats-officedocument.spreadsheetml.sheet')
----------------------------------------------------------------------
Traceback (most recent call last):
  File "/mnt/data/client-mode-engineering-handoff-v1.3/tests/test_document_contracts.py", line 17, in test_supported_upload_formats
    a=ex('attachment');a.update(media_type=media,byte_length=1024);self.assertTrue(V.is_valid(a))
                                                                   ~~~~~~~~~~~~~~~^^^^^^^^^^^^^^^
AssertionError: False is not true

======================================================================
FAIL: test_supported_upload_formats (test_document_contracts.DocumentContracts.test_supported_upload_formats) (media='application/vnd.openxmlformats-officedocument.presentationml.presentation')
----------------------------------------------------------------------
Traceback (most recent call last):
  File "/mnt/data/client-mode-engineering-handoff-v1.3/tests/test_document_contracts.py", line 17, in test_supported_upload_formats
    a=ex('attachment');a.update(media_type=media,byte_length=1024);self.assertTrue(V.is_valid(a))
                                                                   ~~~~~~~~~~~~~~~^^^^^^^^^^^^^^^
AssertionError: False is not true

======================================================================
FAIL: test_supported_upload_formats (test_document_contracts.DocumentContracts.test_supported_upload_formats) (media='text/csv')
----------------------------------------------------------------------
Traceback (most recent call last):
  File "/mnt/data/client-mode-engineering-handoff-v1.3/tests/test_document_contracts.py", line 17, in test_supported_upload_formats
    a=ex('attachment');a.update(media_type=media,byte_length=1024);self.assertTrue(V.is_valid(a))
                                                                   ~~~~~~~~~~~~~~~^^^^^^^^^^^^^^^
AssertionError: False is not true

======================================================================
FAIL: test_supported_upload_formats (test_document_contracts.DocumentContracts.test_supported_upload_formats) (media='text/tab-separated-values')
----------------------------------------------------------------------
Traceback (most recent call last):
  File "/mnt/data/client-mode-engineering-handoff-v1.3/tests/test_document_contracts.py", line 17, in test_supported_upload_formats
    a=ex('attachment');a.update(media_type=media,byte_length=1024);self.assertTrue(V.is_valid(a))
                                                                   ~~~~~~~~~~~~~~~^^^^^^^^^^^^^^^
AssertionError: False is not true

----------------------------------------------------------------------
Ran 39 tests in 0.120s

FAILED (failures=8, errors=40)
